nodo_id_viejo,location_id,nodo_id_nuevo
0,1438941,234
1,1438942,184
2,1438942,184
3,1438943,139
4,1440110,235
5,1440111,185
6,1440111,185
7,1440112,140
8,1440110,235
9,1440111,185
10,1440111,185
11,1440112,140
12,1441280,236
13,1441281,186
14,1441281,186
15,1441282,141
16,1441280,236
17,1441281,186
18,1441281,186
19,1441282,141
20,1442459,237
21,1442460,187
22,1442460,187
23,1442461,142
24,1458832,581
25,1458833,524
26,1458833,524
27,1458834,470
28,1458834,470
29,1458835,416
30,1460006,582
31,1460007,525
32,1460007,525
33,1460008,471
34,1460008,471
35,1460009,417
36,1460006,582
37,1460007,525
38,1460007,525
39,1460008,471
40,1460008,471
41,1460009,417
42,1460009,417
43,1460010,374
44,1460010,374
45,1460011,332
46,1460012,284
47,1460013,238
48,1460013,238
49,1460014,188
50,1460014,188
51,1460015,143
52,1460015,143
53,1460016,103
54,1460016,103
55,1460017,67
56,1460017,67
57,1460018,36
58,1461181,583
59,1461182,526
60,1461182,526
61,1461183,472
62,1461183,472
63,1461184,418
64,1461184,418
65,1461185,375
66,1461185,375
67,1461186,333
68,1461187,285
69,1461188,239
70,1461188,239
71,1461189,189
72,1461189,189
73,1461190,144
74,1461190,144
75,1461191,104
76,1461191,104
77,1461192,68
78,1461192,68
79,1461193,37
80,1461178,722
81,1461179,680
82,1461179,680
83,1461180,633
84,1461180,633
85,1461181,583
86,1461181,583
87,1461182,526
88,1461182,526
89,1461183,472
90,1461183,472
91,1461184,418
92,1461184,418
93,1461185,375
94,1461185,375
95,1461186,333
96,1461186,333
97,1461187,285
98,1461187,285
99,1461188,239
100,1461188,239
101,1461189,189
102,1461189,189
103,1461190,144
104,1461190,144
105,1461191,104
106,1461191,104
107,1461192,68
108,1461192,68
109,1461193,37
110,1462354,723
111,1462355,681
112,1462355,681
113,1462356,634
114,1462356,634
115,1462357,584
116,1462357,584
117,1462358,527
118,1462358,527
119,1462359,473
120,1462359,473
121,1462360,419
122,1462360,419
123,1462361,376
124,1462361,376
125,1462362,334
126,1462362,334
127,1462363,286
128,1462363,286
129,1462364,240
130,1462364,240
131,1462365,190
132,1462365,190
133,1462366,145
134,1462366,145
135,1462367,105
136,1462367,105
137,1462368,69
138,1462368,69
139,1462369,38
140,1462354,723
141,1462355,681
142,1462355,681
143,1462356,634
144,1462356,634
145,1462357,584
146,1462357,584
147,1462358,527
148,1462358,527
149,1462359,473
150,1462359,473
151,1462360,419
152,1462360,419
153,1462361,376
154,1462361,376
155,1462362,334
156,1462362,334
157,1462363,286
158,1462363,286
159,1462364,240
160,1462364,240
161,1462365,190
162,1462365,190
163,1462366,145
164,1462366,145
165,1462367,105
166,1462367,105
167,1462368,69
168,1462368,69
169,1462369,38
170,1463530,724
171,1463531,682
172,1463531,682
173,1463532,635
174,1463532,635
175,1463533,585
176,1463533,585
177,1463534,528
178,1463534,528
179,1463535,474
180,1463535,474
181,1463536,420
182,1463536,420
183,1463537,377
184,1463537,377
185,1463538,335
186,1463538,335
187,1463539,287
188,1463539,287
189,1463540,241
190,1463540,241
191,1463541,191
192,1463541,191
193,1463542,146
194,1463542,146
195,1463543,106
196,1463543,106
197,1463544,70
198,1463544,70
199,1463545,39
200,1463530,724
201,1463531,682
202,1463531,682
203,1463532,635
204,1463532,635
205,1463533,585
206,1463533,585
207,1463534,528
208,1463534,528
209,1463535,474
210,1463535,474
211,1463536,420
212,1463536,420
213,1463537,377
214,1463537,377
215,1463538,335
216,1463538,335
217,1463539,287
218,1463539,287
219,1463540,241
220,1463540,241
221,1463541,191
222,1463541,191
223,1463542,146
224,1463542,146
225,1463543,106
226,1463543,106
227,1463544,70
228,1463544,70
229,1463545,39
230,1464706,725
231,1464707,683
232,1464707,683
233,1464708,636
234,1464708,636
235,1464709,586
236,1464709,586
237,1464710,529
238,1464710,529
239,1464711,475
240,1464711,475
241,1464712,421
242,1464712,421
243,1464713,378
244,1464713,378
245,1464714,336
246,1464714,336
247,1464715,288
248,1464715,288
249,1464716,242
250,1464716,242
251,1464717,192
252,1464717,192
253,1464718,147
254,1464718,147
255,1464719,107
256,1464719,107
257,1464720,71
258,1464720,71
259,1464721,40
260,1464706,725
261,1464707,683
262,1464707,683
263,1464708,636
264,1464708,636
265,1464709,586
266,1464709,586
267,1464710,529
268,1464710,529
269,1464711,475
270,1464711,475
271,1464712,421
272,1464712,421
273,1464713,378
274,1464713,378
275,1464714,336
276,1464714,336
277,1464715,288
278,1464715,288
279,1464716,242
280,1464716,242
281,1464717,192
282,1464717,192
283,1464718,147
284,1464718,147
285,1464719,107
286,1464719,107
287,1464720,71
288,1464720,71
289,1464721,40
290,1465879,726
291,1465880,684
292,1465880,684
293,1465881,637
294,1465881,637
295,1465882,587
296,1465882,587
297,1465883,530
298,1465883,530
299,1465884,476
300,1465884,476
301,1465885,422
302,1465885,422
303,1465886,379
304,1465886,379
305,1465887,337
306,1465887,337
307,1465888,289
308,1465888,289
309,1465889,243
310,1465889,243
311,1465890,193
312,1465890,193
313,1465891,148
314,1465891,148
315,1465892,108
316,1465892,108
317,1465893,72
318,1465893,72
319,1465894,41
320,1465879,726
321,1465880,684
322,1465880,684
323,1465881,637
324,1465881,637
325,1465882,587
326,1465882,587
327,1465883,530
328,1465883,530
329,1465884,476
330,1465884,476
331,1465885,422
332,1465885,422
333,1465886,379
334,1465886,379
335,1465887,337
336,1465887,337
337,1465888,289
338,1465888,289
339,1465889,243
340,1465889,243
341,1465890,193
342,1465890,193
343,1465891,148
344,1465891,148
345,1465892,108
346,1465892,108
347,1465893,72
348,1465893,72
349,1465894,41
350,1467052,727
351,1467053,685
352,1467053,685
353,1467054,638
354,1467054,638
355,1467055,588
356,1467055,588
357,1467056,531
358,1467056,531
359,1467057,477
360,1467057,477
361,1467058,423
362,1467058,423
363,1467059,380
364,1467059,380
365,1467060,338
366,1467060,338
367,1467061,290
368,1467061,290
369,1467062,244
370,1467062,244
371,1467063,194
372,1467063,194
373,1467064,149
374,1467064,149
375,1467065,109
376,1467065,109
377,1467066,73
378,1467066,73
379,1467067,42
380,1467052,727
381,1467053,685
382,1467053,685
383,1467054,638
384,1467054,638
385,1467055,588
386,1467055,588
387,1467056,531
388,1467056,531
389,1467057,477
390,1467057,477
391,1467058,423
392,1467058,423
393,1467059,380
394,1467059,380
395,1467060,338
396,1467060,338
397,1467061,290
398,1467061,290
399,1467062,244
400,1467062,244
401,1467063,194
402,1467063,194
403,1467064,149
404,1467064,149
405,1467065,109
406,1467065,109
407,1467066,73
408,1467066,73
409,1467067,42
410,1467067,42
411,1467068,30
412,1468231,728
413,1468232,686
414,1468232,686
415,1468233,639
416,1468233,639
417,1468234,589
418,1468234,589
419,1468235,532
420,1468235,532
421,1468236,478
422,1468236,478
423,1468237,424
424,1468237,424
425,1468238,381
426,1468238,381
427,1468239,339
428,1468239,339
429,1468240,291
430,1468240,291
431,1468241,245
432,1468241,245
433,1468242,195
434,1468242,195
435,1468243,150
436,1468243,150
437,1468244,110
438,1468244,110
439,1468245,74
440,1468245,74
441,1468246,43
442,1468246,43
443,1468247,31
444,1468232,686
445,1468233,639
446,1468233,639
447,1468234,589
448,1468234,589
449,1468235,532
450,1468235,532
451,1468236,478
452,1468236,478
453,1468237,424
454,1468237,424
455,1468238,381
456,1468238,381
457,1468239,339
458,1468239,339
459,1468240,291
460,1468240,291
461,1468241,245
462,1468241,245
463,1468242,195
464,1468242,195
465,1468243,150
466,1468243,150
467,1468244,110
468,1468244,110
469,1468245,74
470,1468245,74
471,1468246,43
472,1468246,43
473,1468247,31
474,1469415,687
475,1469416,640
476,1469416,640
477,1469417,590
478,1469417,590
479,1469418,533
480,1469418,533
481,1469419,479
482,1469419,479
483,1469420,425
484,1469420,425
485,1469421,382
486,1469421,382
487,1469422,340
488,1469422,340
489,1469423,292
490,1469423,292
491,1469424,246
492,1469424,246
493,1469425,196
494,1469425,196
495,1469426,151
496,1469426,151
497,1469427,111
498,1469427,111
499,1469428,75
500,1469428,75
501,1469429,44
502,1469429,44
503,1469430,32
504,1469415,687
505,1469416,640
506,1469416,640
507,1469417,590
508,1469417,590
509,1469418,533
510,1469418,533
511,1469419,479
512,1469419,479
513,1469420,425
514,1469420,425
515,1469421,382
516,1469421,382
517,1469422,340
518,1469422,340
519,1469423,292
520,1469423,292
521,1469424,246
522,1469424,246
523,1469425,196
524,1469425,196
525,1469426,151
526,1469426,151
527,1469427,111
528,1469427,111
529,1469428,75
530,1469428,75
531,1469429,44
532,1470599,688
533,1470600,641
534,1470600,641
535,1470601,591
536,1470601,591
537,1470602,534
538,1470602,534
539,1470603,480
540,1470603,480
541,1470604,426
542,1470604,426
543,1470605,383
544,1470605,383
545,1470606,341
546,1470606,341
547,1470607,293
548,1470607,293
549,1470608,247
550,1470608,247
551,1470609,197
552,1470609,197
553,1470610,152
554,1470610,152
555,1470611,112
556,1470611,112
557,1470612,76
558,1470612,76
559,1470613,45
560,1470598,729
561,1470599,688
562,1470599,688
563,1470600,641
564,1470600,641
565,1470601,591
566,1470601,591
567,1470602,534
568,1470602,534
569,1470603,480
570,1470603,480
571,1470604,426
572,1470604,426
573,1470605,383
574,1470605,383
575,1470606,341
576,1470606,341
577,1470607,293
578,1470607,293
579,1470608,247
580,1470608,247
581,1470609,197
582,1470609,197
583,1470610,152
584,1470610,152
585,1470611,112
586,1470611,112
587,1470612,76
588,1470612,76
589,1470613,45
590,1471783,730
591,1471784,689
592,1471784,689
593,1471785,642
594,1471785,642
595,1471786,592
596,1471786,592
597,1471787,535
598,1471787,535
599,1471788,481
600,1471788,481
601,1471789,427
602,1471789,427
603,1471790,384
604,1471790,384
605,1471791,342
606,1471791,342
607,1471792,294
608,1471792,294
609,1471793,248
610,1471793,248
611,1471794,198
612,1471794,198
613,1471795,153
614,1471795,153
615,1471796,113
616,1471796,113
617,1471797,77
618,1471797,77
619,1471798,46
620,1471783,730
621,1471784,689
622,1471784,689
623,1471785,642
624,1471785,642
625,1471786,592
626,1471786,592
627,1471787,535
628,1471787,535
629,1471788,481
630,1471788,481
631,1471789,427
632,1471789,427
633,1471790,384
634,1471790,384
635,1471791,342
636,1471791,342
637,1471792,294
638,1471792,294
639,1471793,248
640,1471793,248
641,1471794,198
642,1471794,198
643,1471795,153
644,1471795,153
645,1471796,113
646,1471796,113
647,1471797,77
648,1471797,77
649,1471798,46
650,1472968,731
651,1472969,690
652,1472969,690
653,1472970,643
654,1472970,643
655,1472971,593
656,1472971,593
657,1472972,536
658,1472972,536
659,1472973,482
660,1472973,482
661,1472974,428
662,1472974,428
663,1472975,385
664,1472975,385
665,1472976,343
666,1472976,343
667,1472977,295
668,1472977,295
669,1472978,249
670,1472978,249
671,1472979,199
672,1472979,199
673,1472980,154
674,1472980,154
675,1472981,114
676,1472981,114
677,1472982,78
678,1472982,78
679,1472983,47
680,1472969,690
681,1472970,643
682,1472970,643
683,1472971,593
684,1472971,593
685,1472972,536
686,1472972,536
687,1472973,482
688,1472973,482
689,1472974,428
690,1472974,428
691,1472975,385
692,1472975,385
693,1472976,343
694,1472976,343
695,1472977,295
696,1472977,295
697,1472978,249
698,1472978,249
699,1472979,199
700,1472979,199
701,1472980,154
702,1472980,154
703,1472981,114
704,1472981,114
705,1472982,78
706,1474153,691
707,1474154,644
708,1474154,644
709,1474155,594
710,1474155,594
711,1474156,537
712,1474156,537
713,1474157,483
714,1474157,483
715,1474158,429
716,1474158,429
717,1474159,386
718,1474159,386
719,1474160,344
720,1474160,344
721,1474161,296
722,1474161,296
723,1474162,250
724,1474162,250
725,1474163,200
726,1474163,200
727,1474164,155
728,1474164,155
729,1474165,115
730,1474165,115
731,1474166,79
732,1474153,691
733,1474154,644
734,1474154,644
735,1474155,594
736,1474155,594
737,1474156,537
738,1474156,537
739,1474157,483
740,1474157,483
741,1474158,429
742,1474158,429
743,1474159,386
744,1474159,386
745,1474160,344
746,1474160,344
747,1474161,296
748,1474161,296
749,1474162,250
750,1474162,250
751,1474163,200
752,1474163,200
753,1474164,155
754,1474164,155
755,1474165,115
756,1474165,115
757,1474166,79
758,1475338,692
759,1475339,645
760,1475339,645
761,1475340,595
762,1475340,595
763,1475341,538
764,1475341,538
765,1475342,484
766,1475342,484
767,1475343,430
768,1475343,430
769,1475344,387
770,1475344,387
771,1475345,345
772,1475345,345
773,1475346,297
774,1475346,297
775,1475347,251
776,1475347,251
777,1475348,201
778,1475348,201
779,1475349,156
780,1475349,156
781,1475350,116
782,1475350,116
783,1475351,80
784,1475337,732
785,1475338,692
786,1475338,692
787,1475339,645
788,1475339,645
789,1475340,595
790,1475340,595
791,1475341,538
792,1475341,538
793,1475342,484
794,1475342,484
795,1475343,430
796,1475343,430
797,1475344,387
798,1475344,387
799,1475345,345
800,1475345,345
801,1475346,297
802,1475346,297
803,1475347,251
804,1475347,251
805,1475348,201
806,1475348,201
807,1475349,156
808,1475349,156
809,1475350,116
810,1475350,116
811,1475351,80
812,1476523,733
813,1476524,693
814,1476524,693
815,1476525,646
816,1476525,646
817,1476526,596
818,1476526,596
819,1476527,539
820,1476527,539
821,1476528,485
822,1476528,485
823,1476529,431
824,1476529,431
825,1476530,388
826,1476530,388
827,1476531,346
828,1476531,346
829,1476532,298
830,1476532,298
831,1476533,252
832,1476533,252
833,1476534,202
834,1476534,202
835,1476535,157
836,1476535,157
837,1476536,117
838,1476536,117
839,1476537,81
840,1476523,733
841,1476524,693
842,1476524,693
843,1476525,646
844,1476525,646
845,1476526,596
846,1476526,596
847,1476527,539
848,1476527,539
849,1476528,485
850,1476528,485
851,1476529,431
852,1476529,431
853,1476530,388
854,1476530,388
855,1476531,346
856,1476531,346
857,1476532,298
858,1476532,298
859,1476533,252
860,1476533,252
861,1476534,202
862,1476534,202
863,1476535,157
864,1476535,157
865,1476536,117
866,1476536,117
867,1476537,81
868,1476537,81
869,1476538,48
870,1477708,734
871,1477709,694
872,1477709,694
873,1477710,647
874,1477710,647
875,1477711,597
876,1477711,597
877,1477712,540
878,1477712,540
879,1477713,486
880,1477713,486
881,1477714,432
882,1477714,432
883,1477715,389
884,1477715,389
885,1477716,347
886,1477716,347
887,1477717,299
888,1477717,299
889,1477718,253
890,1477718,253
891,1477719,203
892,1477719,203
893,1477720,158
894,1477720,158
895,1477721,118
896,1477721,118
897,1477722,82
898,1477722,82
899,1477723,49
900,1477709,694
901,1477710,647
902,1477710,647
903,1477711,597
904,1477711,597
905,1477712,540
906,1477712,540
907,1477713,486
908,1477713,486
909,1477714,432
910,1477714,432
911,1477715,389
912,1477715,389
913,1477716,347
914,1477716,347
915,1477717,299
916,1477717,299
917,1477718,253
918,1477718,253
919,1477719,203
920,1477719,203
921,1477720,158
922,1477720,158
923,1477721,118
924,1477721,118
925,1477722,82
926,1477722,82
927,1477723,49
928,1478894,695
929,1478895,648
930,1478895,648
931,1478896,598
932,1478896,598
933,1478897,541
934,1478897,541
935,1478898,487
936,1478898,487
937,1478899,433
938,1478899,433
939,1478900,390
940,1478900,390
941,1478901,348
942,1478901,348
943,1478902,300
944,1478902,300
945,1478903,254
946,1478903,254
947,1478904,204
948,1478904,204
949,1478905,159
950,1478905,159
951,1478906,119
952,1478906,119
953,1478907,83
954,1478907,83
955,1478908,50
956,1478894,695
957,1478895,648
958,1478895,648
959,1478896,598
960,1478896,598
961,1478897,541
962,1478897,541
963,1478898,487
964,1478898,487
965,1478899,433
966,1478899,433
967,1478900,390
968,1478900,390
969,1478901,348
970,1478901,348
971,1478902,300
972,1478902,300
973,1478903,254
974,1478903,254
975,1478904,204
976,1478904,204
977,1478905,159
978,1478905,159
979,1478906,119
980,1478906,119
981,1478907,83
982,1478907,83
983,1478908,50
984,1480074,696
985,1480075,649
986,1480075,649
987,1480076,599
988,1480076,599
989,1480077,542
990,1480077,542
991,1480078,488
992,1480078,488
993,1480079,434
994,1480079,434
995,1480080,391
996,1480080,391
997,1480081,349
998,1480081,349
999,1480082,301
1000,1480082,301
1001,1480083,255
1002,1480083,255
1003,1480084,205
1004,1480084,205
1005,1480085,160
1006,1480085,160
1007,1480086,120
1008,1480086,120
1009,1480087,84
1010,1480087,84
1011,1480088,51
1012,1480074,696
1013,1480075,649
1014,1480075,649
1015,1480076,599
1016,1480076,599
1017,1480077,542
1018,1480077,542
1019,1480078,488
1020,1480078,488
1021,1480079,434
1022,1480079,434
1023,1480080,391
1024,1480080,391
1025,1480081,349
1026,1480081,349
1027,1480082,301
1028,1480082,301
1029,1480083,255
1030,1480083,255
1031,1480084,205
1032,1480084,205
1033,1480085,160
1034,1480085,160
1035,1480086,120
1036,1480086,120
1037,1480087,84
1038,1481259,697
1039,1481260,650
1040,1481260,650
1041,1481261,600
1042,1481261,600
1043,1481262,543
1044,1481262,543
1045,1481263,489
1046,1481263,489
1047,1481264,435
1048,1481264,435
1049,1481265,392
1050,1481265,392
1051,1481266,350
1052,1481266,350
1053,1481267,302
1054,1481267,302
1055,1481268,256
1056,1481268,256
1057,1481269,206
1058,1481269,206
1059,1481270,161
1060,1481270,161
1061,1481271,121
1062,1481271,121
1063,1481272,85
1064,1481259,697
1065,1481260,650
1066,1481260,650
1067,1481261,600
1068,1481261,600
1069,1481262,543
1070,1481262,543
1071,1481263,489
1072,1481263,489
1073,1481264,435
1074,1481264,435
1075,1481265,392
1076,1481265,392
1077,1481266,350
1078,1481266,350
1079,1481267,302
1080,1481267,302
1081,1481268,256
1082,1481268,256
1083,1481269,206
1084,1481269,206
1085,1481270,161
1086,1481270,161
1087,1481271,121
1088,1481271,121
1089,1481272,85
1090,1482444,698
1091,1482445,651
1092,1482445,651
1093,1482446,601
1094,1482446,601
1095,1482447,544
1096,1482447,544
1097,1482448,490
1098,1482448,490
1099,1482449,436
1100,1482449,436
1101,1482450,393
1102,1482450,393
1103,1482451,351
1104,1482451,351
1105,1482452,303
1106,1482452,303
1107,1482453,257
1108,1482453,257
1109,1482454,207
1110,1482454,207
1111,1482455,162
1112,1482455,162
1113,1482456,122
1114,1482456,122
1115,1482457,86
1116,1482444,698
1117,1482445,651
1118,1482445,651
1119,1482446,601
1120,1482446,601
1121,1482447,544
1122,1482447,544
1123,1482448,490
1124,1482448,490
1125,1482449,436
1126,1482449,436
1127,1482450,393
1128,1482450,393
1129,1482451,351
1130,1482451,351
1131,1482452,303
1132,1482452,303
1133,1482453,257
1134,1482453,257
1135,1482454,207
1136,1482454,207
1137,1482455,162
1138,1482455,162
1139,1482456,122
1140,1482456,122
1141,1482457,86
1142,1482457,86
1143,1482458,52
1144,1483631,699
1145,1483632,652
1146,1483632,652
1147,1483633,602
1148,1483633,602
1149,1483634,545
1150,1483634,545
1151,1483635,491
1152,1483635,491
1153,1483636,437
1154,1483636,437
1155,1483637,394
1156,1483637,394
1157,1483638,352
1158,1483638,352
1159,1483639,304
1160,1483639,304
1161,1483640,258
1162,1483640,258
1163,1483641,208
1164,1483641,208
1165,1483642,163
1166,1483642,163
1167,1483643,123
1168,1483643,123
1169,1483644,87
1170,1483644,87
1171,1483645,53
1172,1483631,699
1173,1483632,652
1174,1483632,652
1175,1483633,602
1176,1483633,602
1177,1483634,545
1178,1483634,545
1179,1483635,491
1180,1483635,491
1181,1483636,437
1182,1483636,437
1183,1483637,394
1184,1483637,394
1185,1483638,352
1186,1483638,352
1187,1483639,304
1188,1483639,304
1189,1483640,258
1190,1483640,258
1191,1483641,208
1192,1483641,208
1193,1483642,163
1194,1483642,163
1195,1483643,123
1196,1483643,123
1197,1483644,87
1198,1483644,87
1199,1483645,53
1200,1484821,700
1201,1484822,653
1202,1484822,653
1203,1484823,603
1204,1484823,603
1205,1484824,546
1206,1484824,546
1207,1484825,492
1208,1484825,492
1209,1484826,438
1210,1484826,438
1211,1484827,395
1212,1484827,395
1213,1484828,353
1214,1484828,353
1215,1484829,305
1216,1484829,305
1217,1484830,259
1218,1484830,259
1219,1484831,209
1220,1484831,209
1221,1484832,164
1222,1484832,164
1223,1484833,124
1224,1484833,124
1225,1484834,88
1226,1484834,88
1227,1484835,54
1228,1484821,700
1229,1484822,653
1230,1484822,653
1231,1484823,603
1232,1484823,603
1233,1484824,546
1234,1484824,546
1235,1484825,492
1236,1484825,492
1237,1484826,438
1238,1484826,438
1239,1484827,395
1240,1484827,395
1241,1484828,353
1242,1484828,353
1243,1484829,305
1244,1484829,305
1245,1484830,259
1246,1484830,259
1247,1484831,209
1248,1484831,209
1249,1484832,164
1250,1484832,164
1251,1484833,124
1252,1484833,124
1253,1484834,88
1254,1484834,88
1255,1484835,54
1256,1486019,701
1257,1486020,654
1258,1486020,654
1259,1486021,604
1260,1486021,604
1261,1486022,547
1262,1486022,547
1263,1486023,493
1264,1486023,493
1265,1486024,439
1266,1486024,439
1267,1486025,396
1268,1486025,396
1269,1486026,354
1270,1486026,354
1271,1486027,306
1272,1486027,306
1273,1486028,260
1274,1486028,260
1275,1486029,210
1276,1486029,210
1277,1486030,165
1278,1486030,165
1279,1486031,125
1280,1486031,125
1281,1486032,89
1282,1486032,89
1283,1486033,55
1284,1486019,701
1285,1486020,654
1286,1486020,654
1287,1486021,604
1288,1486021,604
1289,1486022,547
1290,1486022,547
1291,1486023,493
1292,1486023,493
1293,1486024,439
1294,1486024,439
1295,1486025,396
1296,1486025,396
1297,1486026,354
1298,1486026,354
1299,1486027,306
1300,1486027,306
1301,1486028,260
1302,1486028,260
1303,1486029,210
1304,1486029,210
1305,1486030,165
1306,1486030,165
1307,1486031,125
1308,1486031,125
1309,1486032,89
1310,1486032,89
1311,1486033,55
1312,1487220,702
1313,1487221,655
1314,1487221,655
1315,1487222,605
1316,1487222,605
1317,1487223,548
1318,1487223,548
1319,1487224,494
1320,1487224,494
1321,1487225,440
1322,1487225,440
1323,1487226,397
1324,1487226,397
1325,1487227,355
1326,1487227,355
1327,1487228,307
1328,1487228,307
1329,1487229,261
1330,1487229,261
1331,1487230,211
1332,1487230,211
1333,1487231,166
1334,1487231,166
1335,1487232,126
1336,1487232,126
1337,1487233,90
1338,1487233,90
1339,1487234,56
1340,1487220,702
1341,1487221,655
1342,1487221,655
1343,1487222,605
1344,1487222,605
1345,1487223,548
1346,1487223,548
1347,1487224,494
1348,1487224,494
1349,1487225,440
1350,1487225,440
1351,1487226,397
1352,1487226,397
1353,1487227,355
1354,1487227,355
1355,1487228,307
1356,1487228,307
1357,1487229,261
1358,1487229,261
1359,1487230,211
1360,1487230,211
1361,1487231,166
1362,1487231,166
1363,1487232,126
1364,1487232,126
1365,1487233,90
1366,1487233,90
1367,1487234,56
1368,1488423,703
1369,1488424,656
1370,1488424,656
1371,1488425,606
1372,1488425,606
1373,1488426,549
1374,1488426,549
1375,1488427,495
1376,1488427,495
1377,1488428,441
1378,1488428,441
1379,1488429,398
1380,1488429,398
1381,1488430,356
1382,1488430,356
1383,1488431,308
1384,1488431,308
1385,1488432,262
1386,1488432,262
1387,1488433,212
1388,1488433,212
1389,1488434,167
1390,1488434,167
1391,1488435,127
1392,1488435,127
1393,1488436,91
1394,1488436,91
1395,1488437,57
1396,1488423,703
1397,1488424,656
1398,1488424,656
1399,1488425,606
1400,1488425,606
1401,1488426,549
1402,1488426,549
1403,1488427,495
1404,1488427,495
1405,1488428,441
1406,1488428,441
1407,1488429,398
1408,1488429,398
1409,1488430,356
1410,1488430,356
1411,1488431,308
1412,1488431,308
1413,1488432,262
1414,1488432,262
1415,1488433,212
1416,1488433,212
1417,1488434,167
1418,1488434,167
1419,1488435,127
1420,1488435,127
1421,1488436,91
1422,1488436,91
1423,1488437,57
1424,1489626,704
1425,1489627,657
1426,1489627,657
1427,1489628,607
1428,1489628,607
1429,1489629,550
1430,1489629,550
1431,1489630,496
1432,1489630,496
1433,1489631,442
1434,1489631,442
1435,1489632,399
1436,1489632,399
1437,1489633,357
1438,1489633,357
1439,1489634,309
1440,1489634,309
1441,1489635,263
1442,1489635,263
1443,1489636,213
1444,1489636,213
1445,1489637,168
1446,1489637,168
1447,1489638,128
1448,1489638,128
1449,1489639,92
1450,1489639,92
1451,1489640,58
1452,1489626,704
1453,1489627,657
1454,1489627,657
1455,1489628,607
1456,1489628,607
1457,1489629,550
1458,1489629,550
1459,1489630,496
1460,1489630,496
1461,1489631,442
1462,1489631,442
1463,1489632,399
1464,1489632,399
1465,1489633,357
1466,1489633,357
1467,1489634,309
1468,1489634,309
1469,1489635,263
1470,1489635,263
1471,1489636,213
1472,1489636,213
1473,1489637,168
1474,1489637,168
1475,1489638,128
1476,1489638,128
1477,1489639,92
1478,1489639,92
1479,1489640,58
1480,1489640,58
1481,1489641,33
1482,1490829,705
1483,1490830,658
1484,1490830,658
1485,1490831,608
1486,1490831,608
1487,1490832,551
1488,1490832,551
1489,1490833,497
1490,1490833,497
1491,1490834,443
1492,1490834,443
1493,1490835,400
1494,1490835,400
1495,1490836,358
1496,1490836,358
1497,1490837,310
1498,1490837,310
1499,1490838,264
1500,1490838,264
1501,1490839,214
1502,1490839,214
1503,1490840,169
1504,1490840,169
1505,1490841,129
1506,1490841,129
1507,1490842,93
1508,1490842,93
1509,1490843,59
1510,1490843,59
1511,1490844,34
1512,1490829,705
1513,1490830,658
1514,1490830,658
1515,1490831,608
1516,1490831,608
1517,1490832,551
1518,1490832,551
1519,1490833,497
1520,1490833,497
1521,1490834,443
1522,1490834,443
1523,1490835,400
1524,1490835,400
1525,1490836,358
1526,1490836,358
1527,1490837,310
1528,1490837,310
1529,1490838,264
1530,1490838,264
1531,1490839,214
1532,1490839,214
1533,1490840,169
1534,1490840,169
1535,1490841,129
1536,1490841,129
1537,1490842,93
1538,1490842,93
1539,1490843,59
1540,1490843,59
1541,1490844,34
1542,1492032,706
1543,1492033,659
1544,1492033,659
1545,1492034,609
1546,1492034,609
1547,1492035,552
1548,1492035,552
1549,1492036,498
1550,1492036,498
1551,1492037,444
1552,1492037,444
1553,1492038,401
1554,1492038,401
1555,1492039,359
1556,1492039,359
1557,1492040,311
1558,1492040,311
1559,1492041,265
1560,1492041,265
1561,1492042,215
1562,1492042,215
1563,1492043,170
1564,1492043,170
1565,1492044,130
1566,1492044,130
1567,1492045,94
1568,1492045,94
1569,1492046,60
1570,1492046,60
1571,1492047,35
1572,1492032,706
1573,1492033,659
1574,1492033,659
1575,1492034,609
1576,1492034,609
1577,1492035,552
1578,1492035,552
1579,1492036,498
1580,1492036,498
1581,1492037,444
1582,1492037,444
1583,1492038,401
1584,1492038,401
1585,1492039,359
1586,1492039,359
1587,1492040,311
1588,1492040,311
1589,1492041,265
1590,1492041,265
1591,1492042,215
1592,1492042,215
1593,1492043,170
1594,1492043,170
1595,1492044,130
1596,1492044,130
1597,1492045,94
1598,1492045,94
1599,1492046,60
1600,1493237,707
1601,1493238,660
1602,1493238,660
1603,1493239,610
1604,1493239,610
1605,1493240,553
1606,1493240,553
1607,1493241,499
1608,1493241,499
1609,1493242,445
1610,1493242,445
1611,1493243,402
1612,1493243,402
1613,1493244,360
1614,1493244,360
1615,1493245,312
1616,1493245,312
1617,1493246,266
1618,1493246,266
1619,1493247,216
1620,1493247,216
1621,1493248,171
1622,1493248,171
1623,1493249,131
1624,1493249,131
1625,1493250,95
1626,1493250,95
1627,1493251,61
1628,1493237,707
1629,1493238,660
1630,1493238,660
1631,1493239,610
1632,1493239,610
1633,1493240,553
1634,1493240,553
1635,1493241,499
1636,1493241,499
1637,1493242,445
1638,1493242,445
1639,1493243,402
1640,1493243,402
1641,1493244,360
1642,1493244,360
1643,1493245,312
1644,1493245,312
1645,1493246,266
1646,1493246,266
1647,1493247,216
1648,1493247,216
1649,1493248,171
1650,1493248,171
1651,1493249,131
1652,1493249,131
1653,1493250,95
1654,1493250,95
1655,1493251,61
1656,1494443,708
1657,1494444,661
1658,1494444,661
1659,1494445,611
1660,1494445,611
1661,1494446,554
1662,1494446,554
1663,1494447,500
1664,1494447,500
1665,1494448,446
1666,1494448,446
1667,1494449,403
1668,1494449,403
1669,1494450,361
1670,1494450,361
1671,1494451,313
1672,1494451,313
1673,1494452,267
1674,1494452,267
1675,1494453,217
1676,1494453,217
1677,1494454,172
1678,1494454,172
1679,1494455,132
1680,1494455,132
1681,1494456,96
1682,1494456,96
1683,1494457,62
1684,1494443,708
1685,1494444,661
1686,1494444,661
1687,1494445,611
1688,1494445,611
1689,1494446,554
1690,1494446,554
1691,1494447,500
1692,1494447,500
1693,1494448,446
1694,1494448,446
1695,1494449,403
1696,1494449,403
1697,1494450,361
1698,1494450,361
1699,1494451,313
1700,1494451,313
1701,1494452,267
1702,1494452,267
1703,1494453,217
1704,1494453,217
1705,1494454,172
1706,1494454,172
1707,1494455,132
1708,1494455,132
1709,1494456,96
1710,1494456,96
1711,1494457,62
1712,1495651,709
1713,1495652,662
1714,1495652,662
1715,1495653,612
1716,1495653,612
1717,1495654,555
1718,1495654,555
1719,1495655,501
1720,1495655,501
1721,1495656,447
1722,1495656,447
1723,1495657,404
1724,1495657,404
1725,1495658,362
1726,1495658,362
1727,1495659,314
1728,1495659,314
1729,1495660,268
1730,1495660,268
1731,1495661,218
1732,1495661,218
1733,1495662,173
1734,1495662,173
1735,1495663,133
1736,1495663,133
1737,1495664,97
1738,1495664,97
1739,1495665,63
1740,1495651,709
1741,1495652,662
1742,1495652,662
1743,1495653,612
1744,1495653,612
1745,1495654,555
1746,1495654,555
1747,1495655,501
1748,1495655,501
1749,1495656,447
1750,1495656,447
1751,1495657,404
1752,1495657,404
1753,1495658,362
1754,1495658,362
1755,1495659,314
1756,1495659,314
1757,1495660,268
1758,1495660,268
1759,1495661,218
1760,1495661,218
1761,1495662,173
1762,1495662,173
1763,1495663,133
1764,1495663,133
1765,1495664,97
1766,1495664,97
1767,1495665,63
1768,1496862,710
1769,1496863,663
1770,1496863,663
1771,1496864,613
1772,1496864,613
1773,1496865,556
1774,1496865,556
1775,1496866,502
1776,1496866,502
1777,1496867,448
1778,1496867,448
1779,1496868,405
1780,1496868,405
1781,1496869,363
1782,1496869,363
1783,1496870,315
1784,1496870,315
1785,1496871,269
1786,1496871,269
1787,1496872,219
1788,1496872,219
1789,1496873,174
1790,1496873,174
1791,1496874,134
1792,1496874,134
1793,1496875,98
1794,1496875,98
1795,1496876,64
1796,1496862,710
1797,1496863,663
1798,1496863,663
1799,1496864,613
1800,1496864,613
1801,1496865,556
1802,1496865,556
1803,1496866,502
1804,1496866,502
1805,1496867,448
1806,1496867,448
1807,1496868,405
1808,1496868,405
1809,1496869,363
1810,1496869,363
1811,1496870,315
1812,1496870,315
1813,1496871,269
1814,1496871,269
1815,1496872,219
1816,1496872,219
1817,1496873,174
1818,1496873,174
1819,1496874,134
1820,1496874,134
1821,1496875,98
1822,1496875,98
1823,1496876,64
1824,1498077,711
1825,1498078,664
1826,1498078,664
1827,1498079,614
1828,1498079,614
1829,1498080,557
1830,1498080,557
1831,1498081,503
1832,1498081,503
1833,1498082,449
1834,1498082,449
1835,1498083,406
1836,1498083,406
1837,1498084,364
1838,1498084,364
1839,1498085,316
1840,1498085,316
1841,1498086,270
1842,1498086,270
1843,1498087,220
1844,1498087,220
1845,1498088,175
1846,1498088,175
1847,1498089,135
1848,1498089,135
1849,1498090,99
1850,1498090,99
1851,1498091,65
1852,1498077,711
1853,1498078,664
1854,1498078,664
1855,1498079,614
1856,1498079,614
1857,1498080,557
1858,1498080,557
1859,1498081,503
1860,1498081,503
1861,1498082,449
1862,1498082,449
1863,1498083,406
1864,1498083,406
1865,1498084,364
1866,1498084,364
1867,1498085,316
1868,1498085,316
1869,1498086,270
1870,1498086,270
1871,1498087,220
1872,1498087,220
1873,1498088,175
1874,1498088,175
1875,1498089,135
1876,1498089,135
1877,1498090,99
1878,1498090,99
1879,1498091,65
1880,1499295,712
1881,1499296,665
1882,1499296,665
1883,1499297,615
1884,1499297,615
1885,1499298,558
1886,1499298,558
1887,1499299,504
1888,1499299,504
1889,1499300,450
1890,1499300,450
1891,1499301,407
1892,1499301,407
1893,1499302,365
1894,1499302,365
1895,1499303,317
1896,1499303,317
1897,1499304,271
1898,1499304,271
1899,1499305,221
1900,1499305,221
1901,1499306,176
1902,1499306,176
1903,1499307,136
1904,1499307,136
1905,1499308,100
1906,1499308,100
1907,1499309,66
1908,1499295,712
1909,1499296,665
1910,1499296,665
1911,1499297,615
1912,1499297,615
1913,1499298,558
1914,1499298,558
1915,1499299,504
1916,1499299,504
1917,1499300,450
1918,1499300,450
1919,1499301,407
1920,1499301,407
1921,1499302,365
1922,1499302,365
1923,1499303,317
1924,1499303,317
1925,1499304,271
1926,1499304,271
1927,1499305,221
1928,1499305,221
1929,1499306,176
1930,1499306,176
1931,1499307,136
1932,1499307,136
1933,1499308,100
1934,1500507,713
1935,1500508,666
1936,1500508,666
1937,1500509,616
1938,1500509,616
1939,1500510,559
1940,1500510,559
1941,1500511,505
1942,1500511,505
1943,1500512,451
1944,1500512,451
1945,1500513,408
1946,1500513,408
1947,1500514,366
1948,1500514,366
1949,1500515,318
1950,1500515,318
1951,1500516,272
1952,1500516,272
1953,1500517,222
1954,1500517,222
1955,1500518,177
1956,1500518,177
1957,1500519,137
1958,1500519,137
1959,1500520,101
1960,1500508,666
1961,1500509,616
1962,1500509,616
1963,1500510,559
1964,1500510,559
1965,1500511,505
1966,1500511,505
1967,1500512,451
1968,1500512,451
1969,1500513,408
1970,1500513,408
1971,1500514,366
1972,1500514,366
1973,1500515,318
1974,1500515,318
1975,1500516,272
1976,1500516,272
1977,1500517,222
1978,1500517,222
1979,1500518,177
1980,1500518,177
1981,1500519,137
1982,1500519,137
1983,1500520,101
1984,1501718,667
1985,1501719,617
1986,1501719,617
1987,1501720,560
1988,1501720,560
1989,1501721,506
1990,1501721,506
1991,1501722,452
1992,1501722,452
1993,1501723,409
1994,1501723,409
1995,1501724,367
1996,1501724,367
1997,1501725,319
1998,1501725,319
1999,1501726,273
2000,1501726,273
2001,1501727,223
2002,1501727,223
2003,1501728,178
2004,1501728,178
2005,1501729,138
2006,1501729,138
2007,1501730,102
2008,1501718,667
2009,1501719,617
2010,1501719,617
2011,1501720,560
2012,1501720,560
2013,1501721,506
2014,1501721,506
2015,1501722,452
2016,1501722,452
2017,1501723,409
2018,1501723,409
2019,1501724,367
2020,1501724,367
2021,1501725,319
2022,1501725,319
2023,1501726,273
2024,1501726,273
2025,1501727,223
2026,1501727,223
2027,1501728,178
2028,1502923,668
2029,1502924,618
2030,1502924,618
2031,1502925,561
2032,1502925,561
2033,1502926,507
2034,1502926,507
2035,1502927,453
2036,1502927,453
2037,1502928,410
2038,1502928,410
2039,1502929,368
2040,1502929,368
2041,1502930,320
2042,1502930,320
2043,1502931,274
2044,1502931,274
2045,1502932,224
2046,1502932,224
2047,1502933,179
2048,1502924,618
2049,1502925,561
2050,1502925,561
2051,1502926,507
2052,1502926,507
2053,1502927,453
2054,1502927,453
2055,1502928,410
2056,1502928,410
2057,1502929,368
2058,1502929,368
2059,1502930,320
2060,1502930,320
2061,1502931,274
2062,1502931,274
2063,1502932,224
2064,1504136,619
2065,1504137,562
2066,1504137,562
2067,1504138,508
2068,1504138,508
2069,1504139,454
2070,1504139,454
2071,1504140,411
2072,1504140,411
2073,1504141,369
2074,1504141,369
2075,1504142,321
2076,1504142,321
2077,1504143,275
2078,1504143,275
2079,1504144,225
2080,1504136,619
2081,1504137,562
2082,1504137,562
2083,1504138,508
2084,1504138,508
2085,1504139,454
2086,1504139,454
2087,1504140,411
2088,1504140,411
2089,1504141,369
2090,1504141,369
2091,1504142,321
2092,1505349,620
2093,1505350,563
2094,1505350,563
2095,1505351,509
2096,1505351,509
2097,1505352,455
2098,1505352,455
2099,1505353,412
2100,1505353,412
2101,1505354,370
2102,1505354,370
2103,1505355,322
2104,1505350,563
2105,1505351,509
2106,1505351,509
2107,1505352,455
2108,1505352,455
2109,1505353,412
2110,1505353,412
2111,1505354,370
2112,1505354,370
2113,1505355,322
2114,1506563,564
2115,1506564,510
2116,1506564,510
2117,1506565,456
2118,1506565,456
2119,1506566,413
2120,1506566,413
2121,1506567,371
2122,1506567,371
2123,1506568,323
2124,1506563,564
2125,1506564,510
2126,1506564,510
2127,1506565,456
2128,1506565,456
2129,1506566,413
2130,1506566,413
2131,1506567,371
2132,1506567,371
2133,1506568,323
2134,1507775,565
2135,1507776,511
2136,1507776,511
2137,1507777,457
2138,1507777,457
2139,1507778,414
2140,1507778,414
2141,1507779,372
2142,1507779,372
2143,1507780,324
2144,1507777,457
2145,1507778,414
2146,1507778,414
2147,1507779,372
2148,1508987,458
2149,1508988,415
2150,1508988,415
2151,1508989,373
2152,1508991,276
2153,1508992,226
2154,1508992,226
2155,1508993,180
2156,1510211,277
2157,1510212,227
2158,1510212,227
2159,1510213,181
2160,1510210,325
2161,1510211,277
2162,1510211,277
2163,1510212,227
2164,1510212,227
2165,1510213,181
2166,1511431,326
2167,1511432,278
2168,1511432,278
2169,1511433,228
2170,1511433,228
2171,1511434,182
2172,1511431,326
2173,1511432,278
2174,1511432,278
2175,1511433,228
2176,1511433,228
2177,1511434,182
2178,1512651,327
2179,1512652,279
2180,1512652,279
2181,1512653,229
2182,1512653,229
2183,1512654,183
2184,1512651,327
2185,1512652,279
2186,1512652,279
2187,1512653,229
2188,1513870,328
2189,1513871,280
2190,1513871,280
2191,1513872,230
2192,1513870,328
2193,1513871,280
2194,1513871,280
2195,1513872,230
2196,1515088,329
2197,1515089,281
2198,1515089,281
2199,1515090,231
2200,1515088,329
2201,1515089,281
2202,1515089,281
2203,1515090,231
2204,1516306,330
2205,1516307,282
2206,1516307,282
2207,1516308,232
2208,1516301,566
2209,1516302,512
2210,1516302,512
2211,1516303,459
2212,1516306,330
2213,1516307,282
2214,1516307,282
2215,1516308,232
2216,1517518,567
2217,1517519,513
2218,1517519,513
2219,1517520,460
2220,1517523,331
2221,1517524,283
2222,1517524,283
2223,1517525,233
2224,1517518,567
2225,1517519,513
2226,1517519,513
2227,1517520,460
2228,1518734,568
2229,1518735,514
2230,1518735,514
2231,1518736,461
2232,1526020,621
2233,1526021,569
2234,1526021,569
2235,1526022,515
2236,1527247,622
2237,1527248,570
2238,1527248,570
2239,1527249,516
2240,1527247,622
2241,1527248,570
2242,1527248,570
2243,1527249,516
2244,1527249,516
2245,1527250,462
2246,1528464,623
2247,1528465,571
2248,1528465,571
2249,1528466,517
2250,1528466,517
2251,1528467,463
2252,1528465,571
2253,1528466,517
2254,1528466,517
2255,1528467,463
2256,1529682,572
2257,1529683,518
2258,1529683,518
2259,1529684,464
2260,1529682,572
2261,1529683,518
2262,1529683,518
2263,1529684,464
2264,1529694,19
2265,1529695,11
2266,1529695,11
2267,1529696,3
2268,1529696,3
2269,1529697,0
2270,1530903,573
2271,1530904,519
2272,1530904,519
2273,1530905,465
2274,1530915,20
2275,1530916,12
2276,1530916,12
2277,1530917,4
2278,1530917,4
2279,1530918,1
2280,1530903,573
2281,1530904,519
2282,1530904,519
2283,1530905,465
2284,1530915,20
2285,1530916,12
2286,1530916,12
2287,1530917,4
2288,1530917,4
2289,1530918,1
2290,1532125,574
2291,1532126,520
2292,1532126,520
2293,1532127,466
2294,1532137,21
2295,1532138,13
2296,1532138,13
2297,1532139,5
2298,1532139,5
2299,1532140,2
2300,1532125,574
2301,1532126,520
2302,1532126,520
2303,1532127,466
2304,1532136,27
2305,1532137,21
2306,1532137,21
2307,1532138,13
2308,1532138,13
2309,1532139,5
2310,1533357,575
2311,1533358,521
2312,1533358,521
2313,1533359,467
2314,1533368,28
2315,1533369,22
2316,1533369,22
2317,1533370,14
2318,1533370,14
2319,1533371,6
2320,1533354,714
2321,1533355,669
2322,1533355,669
2323,1533356,624
2324,1533357,575
2325,1533358,521
2326,1533358,521
2327,1533359,467
2328,1533368,28
2329,1533369,22
2330,1533369,22
2331,1533370,14
2332,1533370,14
2333,1533371,6
2334,1534586,715
2335,1534587,670
2336,1534587,670
2337,1534588,625
2338,1534589,576
2339,1534590,522
2340,1534590,522
2341,1534591,468
2342,1534600,29
2343,1534601,23
2344,1534601,23
2345,1534602,15
2346,1534602,15
2347,1534603,7
2348,1534586,715
2349,1534587,670
2350,1534587,670
2351,1534588,625
2352,1534589,576
2353,1534590,522
2354,1534590,522
2355,1534591,468
2356,1534601,23
2357,1534602,15
2358,1534602,15
2359,1534603,7
2360,1535828,716
2361,1535829,671
2362,1535829,671
2363,1535830,626
2364,1535831,577
2365,1535832,523
2366,1535832,523
2367,1535833,469
2368,1535843,24
2369,1535844,16
2370,1535844,16
2371,1535845,8
2372,1535829,671
2373,1535830,626
2374,1535830,626
2375,1535831,577
2376,1535843,24
2377,1535844,16
2378,1535844,16
2379,1535845,8
2380,1537069,672
2381,1537070,627
2382,1537070,627
2383,1537071,578
2384,1537083,25
2385,1537084,17
2386,1537084,17
2387,1537085,9
2388,1537069,672
2389,1537070,627
2390,1537070,627
2391,1537071,578
2392,1537083,25
2393,1537084,17
2394,1537084,17
2395,1537085,9
2396,1538310,673
2397,1538311,628
2398,1538311,628
2399,1538312,579
2400,1538324,26
2401,1538325,18
2402,1538325,18
2403,1538326,10
2404,1538310,673
2405,1538311,628
2406,1538311,628
2407,1538312,579
2408,1539543,674
2409,1539544,629
2410,1539544,629
2411,1539545,580
2412,1543269,717
2413,1543270,675
2414,1543270,675
2415,1543271,630
2416,1544505,718
2417,1544506,676
2418,1544506,676
2419,1544507,631
2420,1544498,749
2421,1544499,744
2422,1544499,744
2423,1544500,739
2424,1544504,735
2425,1544505,718
2426,1544505,718
2427,1544506,676
2428,1544506,676
2429,1544507,631
2430,1545733,750
2431,1545734,745
2432,1545734,745
2433,1545735,740
2434,1545739,736
2435,1545740,719
2436,1545740,719
2437,1545741,677
2438,1545741,677
2439,1545742,632
2440,1545733,750
2441,1545734,745
2442,1545734,745
2443,1545735,740
2444,1545739,736
2445,1545740,719
2446,1545740,719
2447,1545741,677
2448,1546966,751
2449,1546967,746
2450,1546967,746
2451,1546968,741
2452,1546972,737
2453,1546973,720
2454,1546973,720
2455,1546974,678
2456,1546966,751
2457,1546967,746
2458,1546967,746
2459,1546968,741
2460,1546972,737
2461,1546973,720
2462,1546973,720
2463,1546974,678
2464,1548174,752
2465,1548175,747
2466,1548175,747
2467,1548176,742
2468,1548180,738
2469,1548181,721
2470,1548181,721
2471,1548182,679
2472,1548174,752
2473,1548175,747
2474,1548175,747
2475,1548176,742
2476,1549368,753
2477,1549369,748
2478,1549369,748
2479,1549370,743
