clave,nombre,municipio,situacion,red,tiene_datos,primera,ultima,n_dias,cobertura,cobertura_activa,desde_2020,sigue_activa,banda,latitud,longitud,altitud_msnm,cob_tmax_c,cob_tmin_c,cob_temp_media_c,cob_precip_mm,cob_evap_mm
28002,Ahualulco,Gómez Farías,Operando,convencional,True,2020-01-01,2026-09-10,2442,99.87730061349693,99.87730061349693,True,True,alta,22.98861111,-99.145,99.0,99.87730061349693,99.87730061349693,99.87730061349693,99.38650306748467,66.78936605316973
28059,Magueyes,Mainero,Operando,convencional,True,2020-01-01,2026-08-31,2435,99.59100204498978,100.0,True,True,alta,24.56666667,-99.55111111,435.0,99.59100204498978,99.59100204498978,99.59100204498978,99.50920245398774,86.38036809815951
28087,San Gabriel,Xicoténcatl,Operando,convencional,True,2020-01-01,2026-09-10,2433,99.50920245398774,99.50920245398774,True,True,alta,23.08416667,-98.7875,135.0,99.50920245398774,99.50920245398774,99.50920245398774,98.3640081799591,14.43762781186094
28028,El Barretal I,Padilla,Operando,convencional,True,2020-01-01,2026-08-31,2427,99.2638036809816,99.67145790554414,True,True,alta,24.08388889,-99.12694444,1666.0,99.2638036809816,99.2638036809816,99.2638036809816,99.2638036809816,55.746421267893666
28147,Tamesi,González,Operando,convencional,True,2020-01-01,2026-09-10,2424,99.14110429447854,99.14110429447854,True,True,alta,22.42388889,-98.42277778,12.0,99.14110429447854,99.14110429447854,99.14110429447854,98.69120654396728,0.0
28049,La Servilleta,El Mante,Operando,convencional,True,2020-01-01,2026-09-10,2423,99.1002044989775,99.1002044989775,True,True,alta,22.85222222,-99.12,104.0,99.1002044989775,99.1002044989775,99.1002044989775,98.93660531697341,41.6359918200409
28044,La Encantada,Llera,Operando,convencional,True,2020-01-01,2026-08-31,2400,98.15950920245399,98.56262833675564,True,True,alta,23.21666667,-99.07666667,360.0,98.15950920245399,98.15950920245399,98.15950920245399,98.11860940695296,49.693251533742334
28070,Padilla,Padilla,Operando,convencional,True,2020-01-01,2026-08-31,2399,98.11860940695296,98.52156057494867,True,True,alta,24.07083333,-98.74222222,138.0,98.11860940695296,98.11860940695296,98.11860940695296,98.11860940695296,92.92433537832311
28083,Sabinas,Gómez Farías,Operando,convencional,True,2020-01-01,2026-09-10,2399,98.11860940695296,98.11860940695296,True,True,alta,23.02277778,-99.09444444,100.0,98.11860940695296,98.11860940695296,98.11860940695296,96.85071574642127,78.24130879345603
28019,Cruillas,Cruillas,Operando,convencional,True,2020-01-01,2026-08-31,2396,97.9959100204499,98.39835728952771,True,True,alta,24.75416667,-98.53472222,229.0,97.9959100204499,97.9959100204499,97.9959100204499,97.9959100204499,0.0
28165,Ciudad Victoria (Obs),Victoria,Operando,convencional,True,2020-01-01,2026-08-31,2396,97.9959100204499,98.39835728952771,True,True,alta,23.74777778,-99.17166667,336.0,97.9959100204499,97.9959100204499,97.9959100204499,97.9959100204499,75.8282208588957
28001,Abasolo (Dge),Abasolo,Operando,convencional,True,2020-01-01,2026-08-31,2395,97.95501022494888,98.35728952772074,True,True,alta,24.06555556,-98.39,70.0,97.95501022494888,97.95501022494888,97.95501022494888,97.4642126789366,0.0
28154,Republica Española,Soto La Marina,Operando,convencional,True,2020-01-01,2026-09-10,2395,97.95501022494888,97.95501022494888,True,True,alta,23.7,-98.2,50.0,97.95501022494888,97.95501022494888,97.95501022494888,96.97341513292433,41.34969325153374
28148,El Barretal Ii,Padilla,Operando,convencional,True,2020-01-01,2026-08-31,2389,97.70961145194273,98.11088295687885,True,True,alta,24.09416667,-99.14694444,207.0,97.70961145194273,97.70961145194273,97.70961145194273,97.34151329243353,0.0
28038,Hidalgo (Dge),Hidalgo,Operando,convencional,True,2020-01-01,2026-07-31,2388,97.66871165644172,99.33444259567388,True,True,alta,24.2525,-99.43444444,364.0,97.66871165644172,97.66871165644172,97.66871165644172,97.6278118609407,92.02453987730061
28137,Las Animas,González,Operando,convencional,True,2020-01-01,2026-09-10,2376,97.17791411042946,97.17791411042946,True,True,alta,22.65861111,-98.69083333,60.0,97.17791411042946,97.17791411042946,97.17791411042946,97.13701431492842,5.971370143149284
28058,Magiscatzin (Dge),González,Operando,convencional,True,2020-01-01,2026-09-10,2359,96.48261758691207,96.48261758691207,True,True,alta,22.79416667,-98.71611111,44.0,96.48261758691207,96.48261758691207,96.48261758691207,95.01022494887525,38.282208588957054
28189,Pedro Ruiz Molina,Tula,Operando,convencional,True,2020-01-01,2026-06-30,2353,96.23721881390594,99.15718499789297,True,True,alta,23.14166667,-99.68944444,1350.0,96.23721881390594,96.23721881390594,96.23721881390594,96.23721881390594,0.0
28110,Tampico (Obs),Altamira,Operando,convencional,True,2020-01-02,2026-09-10,2344,95.86912065439674,95.90834697217676,True,True,alta,22.3775,-97.91333333,21.0,95.86912065439674,95.86912065439674,95.86912065439674,95.50102249488752,10.797546012269938
28080,Rio Frio,El Mante,Operando,convencional,True,2020-01-01,2026-09-10,2340,95.70552147239265,95.70552147239265,True,True,alta,22.82861111,-99.02083333,60.0,95.70552147239265,95.70552147239265,95.70552147239265,95.17382413087935,0.0
28034,Francisco Zorrilla,Jaumave,Operando,convencional,True,2020-01-01,2026-05-31,2338,95.6237218813906,99.78659837814767,True,False,alta,23.47027778,-99.34333333,14.0,95.6237218813906,95.6237218813906,95.6237218813906,95.6237218813906,0.0
28131,Matamoros,Matamoros,Operando,convencional,True,2020-01-01,2026-09-10,2338,95.6237218813906,95.6237218813906,True,True,alta,25.83333333,-97.43333333,5.0,95.6237218813906,95.6237218813906,95.6237218813906,95.50102249488752,0.0
28100,S.J. 2-18 Gustavo Diaz Ordaz,Gustavo Díaz Ordaz,Operando,convencional,True,2020-01-01,2026-09-10,2327,95.17382413087935,95.17382413087935,True,True,alta,26.23222222,-98.59694444,40.0,95.17382413087935,95.17382413087935,95.17382413087935,95.17382413087935,0.0
28171,Sierra Madre,Victoria,Operando,convencional,True,2020-01-01,2026-08-31,2326,95.13292433537832,95.52361396303901,True,True,alta,23.73222222,-99.17722222,385.0,95.13292433537832,95.13292433537832,95.13292433537832,95.0920245398773,0.0
28175,Altamira (Dge),Altamira,Operando,convencional,True,2020-01-01,2026-09-10,2310,94.47852760736197,94.47852760736197,True,True,media,22.42305556,-97.945,25.0,94.47852760736197,94.47852760736197,94.47852760736197,94.31492842535786,0.0
28103,S.J. 3-42 Reynosa,Reynosa,Operando,convencional,True,2020-01-01,2026-09-10,2309,94.43762781186093,94.43762781186093,True,True,media,26.19166667,-98.4825,29.0,94.43762781186093,94.43762781186093,94.43762781186093,94.3558282208589,0.0
28064,Lazaro Cardenas,El Mante,Operando,convencional,True,2020-01-01,2026-08-31,2266,92.67893660531698,93.05954825462013,True,True,media,22.49888889,-98.825,72.0,92.67893660531698,92.67893660531698,92.67893660531698,92.67893660531698,0.0
28091,San Pablo,Tula,Operando,convencional,True,2020-01-01,2026-06-29,2266,92.67893660531698,95.53119730185497,True,True,media,22.80694444,-99.84166667,1035.0,92.67893660531698,92.67893660531698,92.67893660531698,92.67893660531698,0.0
28074,Paso De Molina,Casas,Operando,convencional,True,2020-01-08,2026-08-31,2264,92.59713701431492,93.24546952224053,True,True,media,23.725,-98.74527778,150.0,92.59713701431492,92.59713701431492,92.59713701431492,92.39263803680981,87.8118609406953
28264,Villa Cardenas (B:R:B:1-4),Jiménez,Operando,convencional,True,2020-01-01,2026-03-31,2261,92.47443762781185,99.079754601227,True,False,media,24.215,-98.64138889,230.0,92.47443762781185,92.47443762781185,92.47443762781185,92.47443762781185,0.0
28114,Tula,Tula,Operando,convencional,True,2020-01-01,2026-07-30,2255,92.22903885480572,93.84103204327924,True,True,media,23.00111111,-99.7125,1164.0,92.22903885480572,92.22903885480572,92.22903885480572,74.7239263803681,22.208588957055213
28170,San Marcos,Victoria,Operando,convencional,True,2020-01-01,2026-06-30,2243,91.73824130879346,94.52170248630426,True,True,media,23.69916667,-99.18805556,402.0,91.73824130879346,91.73824130879346,91.73824130879346,91.69734151329243,0.0
28190,El Piruli,Casas,Operando,convencional,True,2020-01-01,2026-08-30,2243,91.73824130879346,92.15283483976992,True,True,media,23.57111111,-98.53166667,363.0,91.73824130879346,91.73824130879346,91.73824130879346,91.73824130879346,0.0
28062,Mendez,Méndez,Operando,convencional,True,2020-01-01,2026-08-31,2242,91.69734151329243,92.07392197125257,True,True,media,25.1175,-98.58638889,86.0,91.69734151329243,91.69734151329243,91.69734151329243,89.2842535787321,0.0
28405,Saca De Agua,El Mante,Operando,convencional,True,2020-01-01,2026-09-10,2240,91.61554192229039,91.61554192229039,True,True,media,22.78361111,-98.86472222,55.0,91.61554192229039,91.61554192229039,91.61554192229039,91.16564417177914,4.867075664621677
28193,La Reforma,Jaumave,Operando,convencional,True,2020-01-01,2026-06-30,2231,91.24744376278119,94.01601348504003,True,True,media,23.62916667,-99.30444444,777.0,91.24744376278119,91.24744376278119,91.24744376278119,91.12474437627812,0.0
28195,San Lorenzo,Xicoténcatl,Operando,convencional,True,2020-01-01,2026-09-10,2221,90.83844580777097,90.83844580777097,True,True,media,22.94833333,-98.8,113.0,90.83844580777097,90.83844580777097,90.83844580777097,89.57055214723927,0.0
28041,Jimenez,Jiménez,Operando,convencional,True,2020-01-01,2026-06-29,2213,90.51124744376278,93.29679595278246,True,True,media,24.21194444,-98.48472222,114.0,90.51124744376278,90.51124744376278,90.51124744376278,90.38854805725971,82.82208588957054
28077,Puerto De Valles,Hidalgo,Operando,convencional,True,2020-01-08,2026-08-31,2210,90.38854805725971,91.02141680395387,True,True,media,24.18138889,-99.59527778,555.0,90.38854805725971,90.38854805725971,90.38854805725971,90.30674846625767,64.25357873210635
28149,El Pilon,San Carlos,Operando,convencional,True,2020-01-08,2026-08-31,2197,89.85685071574642,90.48599670510708,True,True,media,24.20638889,-99.02111111,70.0,89.85685071574642,89.85685071574642,89.85685071574642,89.8159509202454,67.19836400817995
28040,Jaumave (Dge),Jaumave,Operando,convencional,True,2020-01-01,2026-03-31,2187,89.4478527607362,95.83698510078878,True,False,media,23.4075,-99.37527778,324.0,89.4478527607362,89.4478527607362,89.4478527607362,89.4478527607362,82.1676891615542
28046,La Esperanza,Aldama,Operando,convencional,True,2020-01-01,2026-09-10,2182,89.24335378323109,89.24335378323109,True,True,media,23.16638889,-97.95333333,33.0,89.24335378323109,89.24335378323109,89.24335378323109,87.23926380368098,2.2903885480572597
28156,E.T.A. 067 Ciudad Mante,El Mante,Operando,convencional,True,2020-01-01,2025-12-31,2182,89.24335378323109,99.54379562043796,True,False,media,22.7425,-98.97222222,91.0,89.24335378323109,89.24335378323109,89.24335378323109,32.31083844580777,0.0
28182,La Libertad,San Carlos,Operando,convencional,True,2020-01-01,2026-02-27,2178,89.079754601227,96.8,True,False,media,24.42583333,-98.90888889,340.0,89.079754601227,89.079754601227,89.079754601227,89.03885480572598,0.0
28178,La Cañada,Llera,Operando,convencional,True,2020-01-01,2025-12-31,2154,88.09815950920246,98.26642335766424,True,False,media,23.14444444,-98.75111111,170.0,88.09815950920246,88.09815950920246,88.09815950920246,86.74846625766871,0.0
28223,El Sarnoso,Burgos,Operando,convencional,True,2020-07-01,2026-06-30,2129,87.07566462167689,97.17024189867641,True,True,media,24.86833333,-98.69083333,180.0,87.07566462167689,87.07566462167689,87.07566462167689,87.07566462167689,0.0
28219,El Encino,Llera,Operando,convencional,True,2020-03-01,2026-06-30,2096,85.72597137014316,90.61824470384782,True,True,media,23.14083333,-99.115,173.0,85.72597137014316,85.72597137014316,85.72597137014316,85.72597137014316,0.0
28130,El Barranco,Altamira,Operando,convencional,True,2020-10-01,2026-06-30,2066,84.49897750511248,98.42782277274893,True,True,baja,22.56583333,-97.905,6.0,84.49897750511248,84.49897750511248,84.49897750511248,84.49897750511248,0.0
28086,San Fernando,San Fernando,Operando,convencional,True,2020-01-01,2026-08-31,2063,84.3762781186094,84.72279260780287,True,True,baja,24.84722222,-98.15833333,46.0,84.3762781186094,84.3762781186094,84.3762781186094,83.2719836400818,0.0
28020,Corona,Güémez,Operando,convencional,True,2020-01-01,2026-08-31,2013,82.33128834355828,82.6694045174538,True,True,baja,23.93916667,-98.93583333,150.0,82.33128834355828,82.33128834355828,82.33128834355828,81.67689161554192,0.0
28151,Presa Vicente Guerrero,Padilla,Operando,convencional,True,2020-01-01,2026-08-31,2005,82.0040899795501,82.34086242299796,True,True,baja,23.96166667,-98.66611111,134.0,82.0040899795501,82.0040899795501,82.0040899795501,82.0040899795501,0.0
28092,Soto La Marina (Obs),Soto La Marina,Operando,convencional,True,2020-01-01,2026-08-31,1986,81.22699386503068,81.5605749486653,True,True,baja,23.76666667,-98.2,21.0,81.22699386503068,81.22699386503068,81.22699386503068,75.8282208588957,2.331288343558282
28184,Mariano Escobedo,Hidalgo,Operando,convencional,True,2020-01-01,2026-05-25,1961,80.20449897750511,83.91099700470689,True,False,baja,24.38138889,-99.50055556,400.0,80.20449897750511,80.20449897750511,80.20449897750511,60.77709611451942,38.20040899795501
28192,Puerto Rico,San Carlos,Operando,convencional,True,2020-01-01,2026-03-30,1952,79.83640081799591,85.57650153441473,True,False,baja,24.25277778,-98.97777778,178.0,79.83640081799591,79.83640081799591,79.83640081799591,79.67280163599182,0.0
28115,Los Uvalle,Miquihuana,Operando,convencional,True,2021-01-01,2026-06-29,1941,79.38650306748465,96.75972083748754,False,True,baja,23.57444444,-99.85666667,1581.0,79.38650306748465,79.38650306748465,79.38650306748465,79.38650306748465,0.0
28191,Presa Pedro J. Mendez,Hidalgo,Operando,convencional,True,2020-01-03,2026-08-31,1939,79.30470347648262,79.69584874640361,True,True,baja,24.04527778,-99.39388889,418.0,79.30470347648262,79.30470347648262,79.30470347648262,79.30470347648262,75.58282208588956
28024,Cañon Del Diablo,Soto La Marina,Operando,convencional,True,2020-01-01,2026-06-30,1933,79.05930470347649,81.45806995364518,True,True,baja,23.62666667,-98.37083333,324.0,79.05930470347649,79.05930470347649,79.05930470347649,69.57055214723925,0.0
28071,Palmillas,Palmillas,Operando,convencional,True,2020-01-01,2026-03-29,1927,78.81390593047036,84.51754385964912,True,False,baja,23.30222222,-99.54833333,1264.0,78.81390593047036,78.81390593047036,78.81390593047036,78.81390593047036,0.0
28015,Capitan Emilio Carranza,Llera,Operando,convencional,True,2020-04-01,2026-06-30,1921,78.56850715746421,84.18054338299737,True,True,baja,23.255,-98.83333333,193.0,78.56850715746421,78.56850715746421,78.56850715746421,31.73824130879346,0.0
28032,El Refugio (Dge),Antiguo Morelos,Operando,convencional,True,2020-01-01,2026-06-30,1826,74.68302658486708,76.94900969237253,True,True,baja,22.57166667,-99.02138889,60.0,74.68302658486708,74.68302658486708,74.68302658486708,74.68302658486708,1.1860940695296525
28063,Miquihuana,Miquihuana,Operando,convencional,True,2020-01-01,2024-12-30,1749,71.53374233128834,95.78313253012048,True,False,baja,23.57388889,-99.75305556,1851.0,71.53374233128834,71.53374233128834,71.53374233128834,71.53374233128834,30.224948875255624
28003,Aldama (Dge),Aldama,Operando,convencional,True,2020-01-01,2026-06-30,1729,70.7157464212679,72.86135693215338,True,True,baja,22.92888889,-98.075,136.0,70.7157464212679,70.7157464212679,70.7157464212679,70.67484662576688,0.0
28094,San Nicolas,San Nicolás,Operando,convencional,True,2020-01-01,2026-07-30,1702,69.61145194274029,70.8281315022888,True,True,baja,24.68944444,-98.82972222,797.0,69.61145194274029,69.61145194274029,69.61145194274029,69.61145194274029,0.0
28081,Rosillo,González,Operando,convencional,True,2020-01-01,2025-09-30,1585,64.82617586912065,75.47619047619048,True,False,baja,22.91666667,-98.5975,98.0,64.82617586912065,64.82617586912065,64.82617586912065,64.82617586912065,0.0
28031,El Oyul,Antiguo Morelos,Operando,convencional,True,2020-01-01,2026-04-30,1580,64.62167689161554,68.33910034602077,True,False,baja,22.55,-99.08666667,90.0,64.62167689161554,64.62167689161554,64.62167689161554,64.62167689161554,0.0
28007,Barranco Azul,San Carlos,Operando,convencional,True,2021-01-01,2026-05-31,1550,63.394683026584865,78.4016186140617,False,False,baja,24.39972222,-99.11305556,254.0,63.394683026584865,63.394683026584865,63.394683026584865,63.394683026584865,0.0
28088,San Jose De Las Rusias,Soto La Marina,Operando,convencional,True,2020-01-01,2026-02-28,1547,63.2719836400818,68.72501110617503,True,False,baja,23.55194444,-98.03666667,58.0,63.2719836400818,63.2719836400818,63.2719836400818,62.9038854805726,39.79550102249489
28220,General Felipe Angeles,Llera,Operando,convencional,True,2020-01-01,2025-03-30,1542,63.06748466257669,80.48016701461378,True,False,baja,23.23888889,-99.09611111,90.0,63.06748466257669,63.06748466257669,63.06748466257669,63.02658486707566,0.0
28036,Guemez,Güémez,Operando,convencional,True,2020-06-01,2026-06-29,1505,61.554192229038854,67.7927927927928,True,True,baja,23.91861111,-99.00444444,229.0,61.554192229038854,61.554192229038854,61.554192229038854,60.24539877300613,0.0
28207,La Chona,San Carlos,Operando,convencional,True,2020-01-01,2026-05-31,1487,60.81799591002045,63.46564233888178,True,False,baja,24.24,-98.81833333,209.0,60.81799591002045,60.81799591002045,60.81799591002045,60.81799591002045,0.0
28139,El Refugio,El Mante,Operando,convencional,True,2020-01-01,2026-07-30,1471,60.16359918200409,61.21514773200166,True,True,baja,22.50083333,-98.91722222,75.0,60.16359918200409,60.16359918200409,60.16359918200409,60.122699386503065,52.556237218813905
28206,El Chijol,Aldama,Operando,convencional,True,2020-01-01,2025-12-31,1462,59.79550102249489,66.6970802919708,True,False,baja,22.87694444,-98.035,46.0,59.79550102249489,59.79550102249489,59.79550102249489,59.79550102249489,58.97750511247444
28084,San Carlos,San Carlos,Operando,convencional,True,2020-01-01,2025-12-31,1439,58.854805725971374,65.6478102189781,True,False,baja,24.58111111,-98.94694444,451.0,58.854805725971374,58.854805725971374,58.854805725971374,58.854805725971374,0.0
28047,La Loba,Jiménez,Operando,convencional,True,2020-01-01,2024-02-29,1379,56.400817995910025,90.66403681788297,True,False,baja,24.35833333,-98.61722222,237.0,56.400817995910025,56.400817995910025,56.400817995910025,56.400817995910025,0.0
28202,Lazaro Cardenas,Burgos,Operando,convencional,True,2021-03-01,2025-11-30,1363,55.746421267893666,78.51382488479263,False,False,baja,24.86666667,-98.63472222,224.0,55.746421267893666,55.746421267893666,55.746421267893666,54.88752556237218,0.0
28183,Magdaleno Aguilar,Jaumave,Operando,convencional,True,2020-01-01,2026-03-31,1337,54.68302658486708,58.58895705521472,True,False,baja,23.45361111,-99.50916667,1198.0,54.68302658486708,54.68302658486708,54.68302658486708,53.415132924335374,0.0
28069,Ocampo,Ocampo,Operando,convencional,True,2021-01-01,2026-05-31,1336,54.64212678936605,67.57713707637835,False,False,baja,22.84444444,-99.33166667,347.0,54.64212678936605,54.64212678936605,54.64212678936605,26.1758691206544,0.0
28164,La Angostura,Llera,Operando,convencional,True,2021-10-01,2024-12-30,1149,46.99386503067485,96.79865206402695,False,False,baja,23.36666667,-99.01111111,500.0,46.99386503067485,46.99386503067485,46.99386503067485,46.99386503067485,0.0
28185,Maria Teresa,Casas,Operando,convencional,True,2023-01-01,2026-06-28,1144,46.789366053169736,89.72549019607843,False,True,baja,23.5625,-99.025,378.0,46.789366053169736,46.789366053169736,46.789366053169736,32.14723926380368,0.0
28009,Burgos (Dge),Burgos,Operando,convencional,True,2020-01-01,2026-02-28,1058,43.2719836400818,47.001332741004,True,False,baja,24.94833333,-98.79694444,163.0,43.2719836400818,43.2719836400818,43.2719836400818,38.077709611451944,0.0
28075,Plan De Ayala,Jaumave,Operando,convencional,True,2020-01-02,2025-09-29,978,40.0,46.61582459485224,True,False,baja,23.56916667,-99.415,840.0,40.0,40.0,40.0,40.0,12.515337423312884
28089,San Jose Del Verde,Casas,Operando,convencional,True,2020-01-01,2026-02-28,903,36.93251533742331,40.115504220346516,True,False,baja,23.61388889,-98.60833333,290.0,36.93251533742331,36.93251533742331,36.93251533742331,36.89161554192229,0.0
28010,Bustamante,Bustamante,Operando,convencional,True,2020-02-01,2022-03-31,729,29.8159509202454,92.27848101265823,True,False,baja,23.43583333,-99.75416667,1666.0,29.8159509202454,29.8159509202454,29.8159509202454,29.69325153374233,0.0
28209,Conrado Castillo,Villagrán,Operando,convencional,True,2022-01-01,2026-07-31,727,29.734151329243353,43.454871488344295,False,True,baja,24.66694444,-99.25388889,309.0,29.734151329243353,29.734151329243353,29.734151329243353,28.5480572597137,3.3946830265848673
28400,Gallos Grandes,Tula,Operando,convencional,True,2020-12-01,2025-12-31,715,29.243353783231086,38.502961766289715,True,False,baja,22.72888889,-99.60055556,1040.0,29.243353783231086,29.243353783231086,29.243353783231086,6.216768916155419,0.0
28073,Paso Real De Guerrero,Jaumave,Operando,convencional,True,2020-01-01,2026-07-31,700,28.629856850715747,29.11813643926789,True,True,baja,23.17805556,-99.46138889,1295.0,28.629856850715747,28.629856850715747,28.629856850715747,28.629856850715747,0.0
28117,Villagran (Dge),Villagrán,Operando,convencional,True,2022-09-01,2026-08-31,665,27.198364008179958,45.516769336071185,False,True,baja,24.47361111,-99.49027778,380.0,27.198364008179958,27.198364008179958,27.198364008179958,27.198364008179958,0.6952965235173825
28043,La Boquilla,Ocampo,Operando,convencional,True,2020-01-01,2024-01-31,653,26.707566462167687,43.766756032171585,True,False,baja,22.77222222,-99.27916667,263.0,26.707566462167687,26.707566462167687,26.707566462167687,26.25766871165644,0.0
28027,El Mulato,Burgos,Operando,convencional,True,2020-01-01,2021-09-30,639,26.134969325153374,100.0,True,False,baja,24.89333333,-98.95166667,210.0,26.134969325153374,26.134969325153374,26.134969325153374,26.134969325153374,0.0
28045,La Encarnacion,Soto La Marina,Operando,convencional,True,2020-01-01,2021-09-30,626,25.60327198364008,97.96557120500783,True,False,baja,23.38166667,-98.015,96.0,25.60327198364008,25.60327198364008,25.60327198364008,25.60327198364008,0.0
28222,San Francisco,Casas,Operando,convencional,True,2020-01-01,2026-08-30,604,24.703476482617585,24.815119145439606,True,True,baja,23.38833333,-98.81111111,524.0,24.703476482617585,24.703476482617585,24.703476482617585,24.703476482617585,0.0
28263,La Pesca,Soto La Marina,Operando,convencional,True,2020-07-01,2026-07-30,589,24.08997955010225,26.519585772174697,True,True,baja,23.78722222,-97.77777778,6.0,24.08997955010225,24.08997955010225,24.08997955010225,22.903885480572598,0.0
28096,San Vicente,Jaumave,Operando,convencional,True,2022-07-20,2026-06-30,555,22.699386503067483,38.488210818307905,False,True,baja,23.42333333,-99.31444444,642.0,22.699386503067483,22.699386503067483,22.699386503067483,22.699386503067483,0.0
28021,Corralejo,San Carlos,Operando,convencional,True,2022-09-01,2026-06-30,545,22.290388548057262,38.95639742673338,False,True,baja,24.39361111,-99.01111111,364.0,22.290388548057262,22.290388548057262,22.290388548057262,22.290388548057262,0.0
28197,San Jose De Las Flores,Güémez,Operando,convencional,True,2020-10-01,2025-11-29,520,21.267893660531698,27.571580063626723,True,False,baja,23.90444444,-99.11777778,210.0,21.267893660531698,21.267893660531698,21.267893660531698,21.267893660531698,0.0
28199,Guadalupe,San Carlos,Operando,convencional,True,2025-04-01,2026-06-29,422,17.259713701431494,92.74725274725274,False,True,baja,24.3675,-99.09694444,350.0,17.259713701431494,17.259713701431494,17.259713701431494,17.096114519427402,0.0
28214,Lucio Blanco,Villagrán,Operando,convencional,True,2021-11-01,2026-06-30,388,15.86912065439673,22.783323546682325,False,True,baja,24.73166667,-99.40277778,291.0,15.86912065439673,15.86912065439673,15.86912065439673,15.86912065439673,0.0
28055,Los Tomates,Altamira,Suspendida,convencional,True,2020-01-01,2022-09-30,364,14.88752556237219,36.254980079681275,True,False,baja,22.45277778,-98.19722222,4.0,14.88752556237219,14.88752556237219,14.88752556237219,14.88752556237219,0.0
28008,Bellavista,El Mante,Operando,convencional,True,2020-01-01,2020-12-31,305,12.474437627811861,83.33333333333334,True,False,baja,22.82777778,-99.05138889,78.0,12.474437627811861,12.474437627811861,12.474437627811861,12.474437627811861,10.920245398773005
28203,Santa Juana,Altamira,Operando,convencional,True,2025-08-01,2026-05-31,228,9.325153374233128,75.0,False,False,baja,22.77888889,-98.10333333,58.0,9.325153374233128,9.325153374233128,9.325153374233128,9.325153374233128,0.0
28163,El Carrizal,Aldama,Operando,convencional,True,2020-01-01,2020-07-31,212,8.67075664621677,99.53051643192488,True,False,baja,22.85861111,-98.23333333,90.0,8.67075664621677,8.67075664621677,8.67075664621677,8.67075664621677,0.0
28116,Ciudad Victoria (Dge),Victoria,Suspendida,convencional,True,2024-09-01,2025-03-31,211,8.629856850715747,99.52830188679245,False,False,baja,23.72611111,-99.14611111,327.0,8.629856850715747,8.629856850715747,8.629856850715747,8.629856850715747,8.384458077709612
28023,Chamal Nuevo,Ocampo,Operando,convencional,True,2020-01-01,2026-04-30,206,8.425357873210634,8.910034602076125,True,False,baja,22.84083333,-99.19138889,141.0,8.425357873210634,8.425357873210634,8.425357873210634,8.1799591002045,0.0
28196,La Cabecera,Aldama,Suspendida,convencional,True,2020-01-01,2020-07-17,199,8.139059304703476,100.0,True,False,baja,22.95555556,-97.93583333,90.0,8.139059304703476,8.139059304703476,8.139059304703476,8.139059304703476,0.0
28066,Nuevo Morelos,Nuevo Morelos,Suspendida,convencional,True,2020-01-01,2020-07-13,195,7.975460122699387,100.0,True,False,baja,22.52833333,-99.21388889,260.0,7.975460122699387,7.975460122699387,7.975460122699387,7.975460122699387,0.0
28201,El Nacimiento,Aldama,Operando,convencional,True,2020-01-01,2020-07-16,187,7.6482617586912065,94.44444444444444,True,False,baja,22.96305556,-98.12805556,163.0,7.6482617586912065,7.6482617586912065,7.6482617586912065,7.6482617586912065,0.0
28145,El Apuro,Aldama,Suspendida,convencional,True,2020-01-01,2020-06-30,181,7.402862985685071,99.45054945054946,True,False,baja,22.72138889,-97.92138889,16.0,7.402862985685071,7.402862985685071,7.402862985685071,7.402862985685071,0.0
28033,Francisco Castellanos,Llera,Operando,convencional,True,2020-05-01,2022-06-29,176,7.19836400817996,22.278481012658226,True,False,baja,23.2575,-98.60833333,193.0,7.19836400817996,7.19836400817996,7.19836400817996,7.19836400817996,0.0
28216,Palo Blanco,Cruillas,Operando,convencional,True,2025-04-01,2025-12-30,176,7.19836400817996,64.23357664233576,False,False,baja,24.54472222,-98.16333333,171.0,7.19836400817996,7.19836400817996,7.19836400817996,7.19836400817996,0.65439672801636
28029,El Mayab,González,Operando,convencional,True,2020-01-01,2021-03-11,123,5.030674846625767,28.211009174311926,True,False,baja,22.91555556,-98.34555556,1371.0,5.030674846625767,5.030674846625767,5.030674846625767,5.030674846625767,0.0
28017,Campo Experimental Manuel Gonzalez,González,Operando,convencional,True,2020-01-01,2020-04-30,121,4.948875255623722,100.0,True,False,baja,22.71277778,-98.85194444,60.0,4.948875255623722,4.948875255623722,4.948875255623722,4.948875255623722,0.0
28167,Lopez Rayon,González,Suspendida,convencional,True,2020-01-01,2020-04-30,121,4.948875255623722,100.0,True,False,baja,22.615,-98.46166667,54.0,4.948875255623722,4.948875255623722,4.948875255623722,4.948875255623722,4.948875255623722
28099,S.J. 2-09 Camargo,Camargo,Suspendida,convencional,True,2022-01-13,2022-12-31,106,4.335378323108385,30.02832861189802,False,False,baja,26.25583333,-98.80638889,63.0,4.335378323108385,4.335378323108385,4.335378323108385,4.335378323108385,0.0
28404,Santa Isabel,Soto La Marina,Operando,convencional,True,2020-01-01,2020-03-30,90,3.6809815950920246,100.0,True,False,baja,24.07194444,-97.84305556,13.0,3.6809815950920246,3.6809815950920246,3.6809815950920246,3.6809815950920246,0.0
28213,Laguna De San Juan,San Fernando,Operando,convencional,True,2025-10-01,2025-12-28,89,3.640081799591002,100.0,False,False,baja,24.8,-98.03888889,25.0,3.640081799591002,3.640081799591002,3.640081799591002,3.640081799591002,0.0
28188,Palo Solo,San Fernando,Operando,convencional,True,2025-10-01,2025-10-31,31,1.2678936605316973,100.0,False,False,baja,25.08638889,-97.91666667,10.0,1.2678936605316973,1.2678936605316973,1.2678936605316973,1.2678936605316973,0.0
28022,Balcon De Moctezuma,Victoria,Suspendida,convencional,True,2020-01-01,2020-01-20,20,0.81799591002045,100.0,True,False,baja,23.60527778,-99.20305556,1284.0,0.81799591002045,0.81799591002045,0.81799591002045,0.81799591002045,0.0
28004,Altamira (Smn),Altamira,Suspendida,convencional,False,,,0,0.0,,False,False,,,,,,,,,
28005,El Refugio (Smn),Antiguo Morelos,Suspendida,convencional,False,,,0,0.0,,False,False,,,,,,,,,
28006,Barberena,Altamira,Suspendida,convencional,False,,,0,0.0,,False,False,,,,,,,,,
28011,Fraccionamiento Callejones,Ocampo,Suspendida,convencional,False,,,0,0.0,,False,False,,,,,,,,,
28012,C.E.I. Ciudad Mante,El Mante,Suspendida,convencional,False,,,0,0.0,,False,False,,,,,,,,,
28014,S.J. 2-11 Camargo,Camargo,Suspendida,convencional,False,,,0,0.0,,False,False,,,,,,,,,
28016,Campo Experimental Cuauhtemoc,Altamira,Operando,convencional,False,,,0,0.0,,False,False,,,,,,,,,
28025,Ejido Tres De Mayo (Cfe),Altamira,Suspendida,convencional,False,,,0,0.0,,False,False,,,,,,,,,
28026,El Aguacate,González,Suspendida,convencional,False,,,0,0.0,,False,False,,,,,,,,,
28030,El Ocotillal,Jiménez,Suspendida,convencional,False,,,0,0.0,,False,False,,,,,,,,,
28035,Gonzalez,González,Suspendida,convencional,False,,,0,0.0,,False,False,,,,,,,,,
28037,Hidalgo (Smn),Hidalgo,Suspendida,convencional,False,,,0,0.0,,False,False,,,,,,,,,
28039,Jaumave (Smn),Jaumave,Suspendida,convencional,False,,,0,0.0,,False,False,,,,,,,,,
28042,Joya De Salas,Jaumave,Suspendida,convencional,False,,,0,0.0,,False,False,,,,,,,,,
28048,Francisco Gonzalez Villarreal,San Fernando,Suspendida,convencional,False,,,0,0.0,,False,False,,,,,,,,,
28050,La Sonadora,Padilla,Suspendida,convencional,False,,,0,0.0,,False,False,,,,,,,,,
28051,Las Alazanas,Jiménez,Suspendida,convencional,False,,,0,0.0,,False,False,,,,,,,,,
28052,Las Norias,San Fernando,Suspendida,convencional,False,,,0,0.0,,False,False,,,,,,,,,
28053,La Vega,Jaumave,Suspendida,convencional,False,,,0,0.0,,False,False,,,,,,,,,
28054,Esteros,Altamira,Suspendida,convencional,False,,,0,0.0,,False,False,,,,,,,,,
28056,C.A.E. Llera,Llera,Suspendida,convencional,False,,,0,0.0,,False,False,,,,,,,,,
28057,Magiscatzin (Smn),González,Suspendida,convencional,False,,,0,0.0,,False,False,,,,,,,,,
28060,Villa Mainero,Mainero,Suspendida,convencional,False,,,0,0.0,,False,False,,,,,,,,,
28065,Nuevo Laredo,Nuevo Laredo,Suspendida,convencional,False,,,0,0.0,,False,False,,,,,,,,,
28067,Presa Falcon,Guerrero,Suspendida,convencional,False,,,0,0.0,,False,False,,,,,,,,,
28072,Paso Del Aura,Soto La Marina,Suspendida,convencional,False,,,0,0.0,,False,False,,,,,,,,,
28076,Pretil,González,Suspendida,convencional,False,,,0,0.0,,False,False,,,,,,,,,
28078,Punta Jerez,Aldama,Suspendida,convencional,False,,,0,0.0,,False,False,,,,,,,,,
28079,Reynosa (Smn),Reynosa,Suspendida,convencional,False,,,0,0.0,,False,False,,,,,,,,,
28082,S.J. 3-48 Rio Bravo,Río Bravo,Suspendida,convencional,False,,,0,0.0,,False,False,,,,,,,,,
28085,San Felipe,El Mante,Operando,convencional,False,,,0,0.0,,False,False,,,,,,,,,
28090,El Novillo,Victoria,Suspendida,convencional,False,,,0,0.0,,False,False,,,,,,,,,
28093,S.J. 2-18 San Miguel,Camargo,Suspendida,convencional,False,,,0,0.0,,False,False,,,,,,,,,
28095,S.J. 1-02 San Pedro,Miguel Alemán,Suspendida,convencional,False,,,0,0.0,,False,False,,,,,,,,,
28097,Santa Elena,El Mante,Suspendida,convencional,False,,,0,0.0,,False,False,,,,,,,,,
28098,Santa Maria De Los Nogales,Casas,Suspendida,convencional,False,,,0,0.0,,False,False,,,,,,,,,
28101,S.J. 2-33 Reynosa,Reynosa,Suspendida,convencional,False,,,0,0.0,,False,False,,,,,,,,,
28102,S.J. 2-38 Gustavo Diaz Ordaz,Gustavo Díaz Ordaz,Suspendida,convencional,False,,,0,0.0,,False,False,,,,,,,,,
28104,S.J. 3-47 Rio Bravo,Río Bravo,Suspendida,convencional,False,,,0,0.0,,False,False,,,,,,,,,
28105,S.J. 3-55 Reynosa,Reynosa,Suspendida,convencional,False,,,0,0.0,,False,False,,,,,,,,,
28106,S.J. 3-58 Reynosa,Reynosa,Suspendida,convencional,False,,,0,0.0,,False,False,,,,,,,,,
28107,S.J. 3-60 Reynosa,Reynosa,Suspendida,convencional,False,,,0,0.0,,False,False,,,,,,,,,
28108,S.J. 3-63 Tapon,Río Bravo,Suspendida,convencional,False,,,0,0.0,,False,False,,,,,,,,,
28111,Tampico,Tampico,Suspendida,convencional,False,,,0,0.0,,False,False,,,,,,,,,
28112,Tancasneque,González,Suspendida,convencional,False,,,0,0.0,,False,False,,,,,,,,,
28113,Tenacitas,Soto La Marina,Suspendida,convencional,False,,,0,0.0,,False,False,,,,,,,,,
28118,Villagran (Smn),Villagrán,Suspendida,convencional,False,,,0,0.0,,False,False,,,,,,,,,
28119,Aldama (Smn),Aldama,Suspendida,convencional,False,,,0,0.0,,False,False,,,,,,,,,
28120,Xicotencatl,Xicoténcatl,Suspendida,convencional,False,,,0,0.0,,False,False,,,,,,,,,
28121,S.J. 2-23 Valadez,Gustavo Díaz Ordaz,Suspendida,convencional,False,,,0,0.0,,False,False,,,,,,,,,
28122,Abasolo (Smn),Abasolo,Suspendida,convencional,False,,,0,0.0,,False,False,,,,,,,,,
28123,Burgos (Smn),Burgos,Suspendida,convencional,False,,,0,0.0,,False,False,,,,,,,,,
28125,Nueva Apolonia,El Mante,Suspendida,convencional,False,,,0,0.0,,False,False,,,,,,,,,
28127,Ciudad Victoria (Smn),Victoria,Suspendida,convencional,False,,,0,0.0,,False,False,,,,,,,,,
28128,Reynosa (Dge),Reynosa,Suspendida,convencional,False,,,0,0.0,,False,False,,,,,,,,,
28133,Las Norias,González,Suspendida,convencional,False,,,0,0.0,,False,False,,,,,,,,,
28135,Atotonilco,González,Suspendida,convencional,False,,,0,0.0,,False,False,,,,,,,,,
28136,Gomez Farias,Gómez Farías,Suspendida,convencional,False,,,0,0.0,,False,False,,,,,,,,,
28138,Tancol,Tampico,Suspendida,convencional,False,,,0,0.0,,False,False,,,,,,,,,
28146,E.T.A. 167 Tomatan,Victoria,Suspendida,convencional,False,,,0,0.0,,False,False,,,,,,,,,
28150,La Alberca,Llera,Operando,convencional,False,,,0,0.0,,False,False,,,,,,,,,
28152,Soto La Marina,Soto La Marina,Suspendida,convencional,False,,,0,0.0,,False,False,,,,,,,,,
28155,S.J. 1-02 Miguel Aleman,Miguel Alemán,Suspendida,convencional,False,,,0,0.0,,False,False,,,,,,,,,
28160,Las Lajitas,Soto La Marina,Suspendida,convencional,False,,,0,0.0,,False,False,,,,,,,,,
28161,Presa La Patria,Abasolo,Suspendida,convencional,False,,,0,0.0,,False,False,,,,,,,,,
28169,Los Troncones,Victoria,Suspendida,convencional,False,,,0,0.0,,False,False,,,,,,,,,
28172,S.J. 2-00 Presa Diaz Ordaz,Gustavo Díaz Ordaz,Suspendida,convencional,False,,,0,0.0,,False,False,,,,,,,,,
28176,Las Antonias,Bustamante,Suspendida,convencional,False,,,0,0.0,,False,False,,,,,,,,,
28179,Carrizos,Hidalgo,Suspendida,convencional,False,,,0,0.0,,False,False,,,,,,,,,
28180,El Encinal,Jiménez,Suspendida,convencional,False,,,0,0.0,,False,False,,,,,,,,,
28186,El Mirador,Padilla,Suspendida,convencional,False,,,0,0.0,,False,False,,,,,,,,,
28194,San Isidro,Hidalgo,Suspendida,convencional,False,,,0,0.0,,False,False,,,,,,,,,
28198,Garza Valdez,Villagrán,Suspendida,convencional,False,,,0,0.0,,False,False,,,,,,,,,
28200,El Lajal,González,Suspendida,convencional,False,,,0,0.0,,False,False,,,,,,,,,
28204,San Francisco,San Fernando,Operando,convencional,False,,,0,0.0,,False,False,,,,,,,,,
28210,Charco Largo,Soto La Marina,Suspendida,convencional,False,,,0,0.0,,False,False,,,,,,,,,
28215,La Mision,Jiménez,Suspendida,convencional,False,,,0,0.0,,False,False,,,,,,,,,
28217,Ejido Graciano Sanchez,San Carlos,Suspendida,convencional,False,,,0,0.0,,False,False,,,,,,,,,
28218,La Boca,Victoria,Suspendida,convencional,False,,,0,0.0,,False,False,,,,,,,,,
28221,Lavin,Casas,Suspendida,convencional,False,,,0,0.0,,False,False,,,,,,,,,
28226,Cinco De Febrero,Casas,Suspendida,convencional,False,,,0,0.0,,False,False,,,,,,,,,
28402,Rancho Veintidos De Diciembre,Soto La Marina,Suspendida,convencional,False,,,0,0.0,,False,False,,,,,,,,,
