nodo_id,region
0,Sur
1,Sur
2,Sur
3,Sur
4,Sur
5,Sur
6,Sur
7,Sur
8,Sur
9,Sur
10,Sur
11,Sur
12,Sur
13,Sur
14,Sur
15,Mante
16,Mante
17,Mante
18,Mante
19,Mante
20,Mante
21,Sur
22,Sur
23,Sur
24,Sur
25,Sur
26,Sur
27,Sur
28,Mante
29,Mante
30,Mante
31,Mante
32,Mante
33,Mante
34,Mante
35,Mante
36,Mante
37,Mante
38,Mante
39,Mante
40,Mante
41,Sur
42,Sur
43,Sur
44,Sur
45,Mante
46,Mante
47,Mante
48,Mante
49,Mante
50,Mante
51,Mante
52,Mante
53,Mante
54,Mante
55,Mante
56,Mante
57,Mante
58,Mante
59,Mante
60,Mante
61,Mante
62,Mante
63,Mante
64,Sur
65,Sur
66,Sur
67,Sur
68,Sur
69,Sur
70,Sur
71,Sur
72,Sur
73,Sur
74,Sur
75,Sur
76,Sur
77,Sur
78,Mante
79,Mante
80,Mante
81,Mante
82,Mante
83,Mante
84,Mante
85,Mante
86,Mante
87,Mante
88,Mante
89,Mante
90,Mante
91,Mante
92,Mante
93,Mante
94,Mante
95,Mante
96,Sur
97,Sur
98,Sur
99,Sur
100,Sur
101,Sur
102,Sur
103,Sur
104,Sur
105,Sur
106,Sur
107,Sur
108,Sur
109,Sur
110,Sur
111,Sur
112,Sur
113,Sur
114,Mante
115,Mante
116,Mante
117,Mante
118,Mante
119,Mante
120,Mante
121,Mante
122,Mante
123,Mante
124,Mante
125,Mante
126,Mante
127,Mante
128,Mante
129,Mante
130,Mante
131,Mante
132,Mante
133,Sur
134,Sur
135,Sur
136,Sur
137,Sur
138,Sur
139,Sur
140,Sur
141,Sur
142,Sur
143,Sur
144,Sur
145,Sur
146,Sur
147,Sur
148,Sur
149,Sur
150,Mante
151,Mante
152,Mante
153,Mante
154,Mante
155,Mante
156,Mante
157,Mante
158,Mante
159,Mante
160,Mante
161,Mante
162,Mante
163,Mante
164,Mante
165,Mante
166,Mante
167,Mante
168,Mante
169,Sur
170,Sur
171,Sur
172,Sur
173,Sur
174,Sur
175,Sur
176,Sur
177,Sur
178,Sur
179,Sur
180,Sur
181,Sur
182,Sur
183,Sur
184,Sur
185,Sur
186,Altiplano
187,Mante
188,Mante
189,Mante
190,Mante
191,Mante
192,Mante
193,Mante
194,Mante
195,Mante
196,Mante
197,Mante
198,Mante
199,Sur
200,Mante
201,Sur
202,Sur
203,Mante
204,Sur
205,Sur
206,Sur
207,Sur
208,Sur
209,Sur
210,Sur
211,Sur
212,Sur
213,Sur
214,Sur
215,Sur
216,Sur
217,Sur
218,Sur
219,Sur
220,Sur
221,Sur
222,Sur
223,Altiplano
224,Altiplano
225,Mante
226,Mante
227,Mante
228,Mante
229,Mante
230,Mante
231,Mante
232,Mante
233,Mante
234,Mante
235,Mante
236,Mante
237,Mante
238,Sur
239,Sur
240,Sur
241,Sur
242,Sur
243,Sur
244,Sur
245,Sur
246,Sur
247,Sur
248,Sur
249,Sur
250,Sur
251,Sur
252,Sur
253,Sur
254,Sur
255,Sur
256,Sur
257,Sur
258,Sur
259,Sur
260,Sur
261,Sur
262,Sur
263,Altiplano
264,Altiplano
265,Altiplano
266,Altiplano
267,Altiplano
268,Altiplano
269,Altiplano
270,Altiplano
271,Mante
272,Mante
273,Mante
274,Mante
275,Mante
276,Mante
277,Mante
278,Mante
279,Mante
280,Mante
281,Mante
282,Mante
283,Mante
284,Mante
285,Mante
286,Sur
287,Sur
288,Sur
289,Sur
290,Sur
291,Sur
292,Sur
293,Sur
294,Sur
295,Sur
296,Sur
297,Sur
298,Sur
299,Sur
300,Sur
301,Sur
302,Sur
303,Sur
304,Sur
305,Sur
306,Sur
307,Sur
308,Sur
309,Sur
310,Sur
311,Altiplano
312,Altiplano
313,Altiplano
314,Altiplano
315,Altiplano
316,Altiplano
317,Altiplano
318,Altiplano
319,Mante
320,Mante
321,Mante
322,Mante
323,Mante
324,Mante
325,Mante
326,Mante
327,Mante
328,Mante
329,Mante
330,Mante
331,Mante
332,Mante
333,Mante
334,Mante
335,Sur
336,Sur
337,Sur
338,Sur
339,Sur
340,Sur
341,Sur
342,Sur
343,Sur
344,Sur
345,Sur
346,Sur
347,Sur
348,Sur
349,Sur
350,Sur
351,Sur
352,Sur
353,Sur
354,Sur
355,Sur
356,Sur
357,Sur
358,Sur
359,Sur
360,Altiplano
361,Altiplano
362,Altiplano
363,Altiplano
364,Altiplano
365,Altiplano
366,Altiplano
367,Altiplano
368,Altiplano
369,Altiplano
370,Altiplano
371,Altiplano
372,Altiplano
373,Altiplano
374,Mante
375,Mante
376,Mante
377,Mante
378,Mante
379,Mante
380,Mante
381,Mante
382,Mante
383,Mante
384,Mante
385,Mante
386,Mante
387,Mante
388,Mante
389,Mante
390,Mante
391,Sur
392,Sur
393,Sur
394,Sur
395,Sur
396,Sur
397,Sur
398,Sur
399,Sur
400,Sur
401,Sur
402,Sur
403,Sur
404,Sur
405,Sur
406,Sur
407,Sur
408,Sur
409,Sur
410,Sur
411,Sur
412,Sur
413,Sur
414,Sur
415,Sur
416,Sur
417,Altiplano
418,Altiplano
419,Altiplano
420,Altiplano
421,Altiplano
422,Altiplano
423,Altiplano
424,Altiplano
425,Altiplano
426,Altiplano
427,Altiplano
428,Altiplano
429,Altiplano
430,Mante
431,Mante
432,Mante
433,Mante
434,Mante
435,Mante
436,Mante
437,Mante
438,Mante
439,Mante
440,Mante
441,Mante
442,Mante
443,Mante
444,Mante
445,Mante
446,Sur
447,Sur
448,Sur
449,Sur
450,Sur
451,Sur
452,Sur
453,Sur
454,Sur
455,Sur
456,Sur
457,Sur
458,Sur
459,Sur
460,Sur
461,Sur
462,Sur
463,Sur
464,Sur
465,Sur
466,Sur
467,Sur
468,Sur
469,Sur
470,Sur
471,Sur
472,Sur
473,Altiplano
474,Altiplano
475,Altiplano
476,Altiplano
477,Altiplano
478,Altiplano
479,Altiplano
480,Altiplano
481,Altiplano
482,Altiplano
483,Altiplano
484,Altiplano
485,Altiplano
486,Mante
487,Mante
488,Mante
489,Mante
490,Mante
491,Mante
492,Mante
493,Mante
494,Mante
495,Mante
496,Mante
497,Mante
498,Mante
499,Mante
500,Mante
501,Mante
502,Sur
503,Sur
504,Sur
505,Sur
506,Sur
507,Sur
508,Sur
509,Sur
510,Sur
511,Sur
512,Sur
513,Sur
514,Sur
515,Sur
516,Sur
517,Sur
518,Sur
519,Sur
520,Sur
521,Sur
522,Sur
523,Sur
524,Sur
525,Sur
526,Sur
527,Sur
528,Sur
529,Altiplano
530,Altiplano
531,Altiplano
532,Altiplano
533,Altiplano
534,Altiplano
535,Altiplano
536,Altiplano
537,Altiplano
538,Altiplano
539,Altiplano
540,Altiplano
541,Altiplano
542,Mante
543,Mante
544,Mante
545,Mante
546,Mante
547,Mante
548,Mante
549,Mante
550,Mante
551,Mante
552,Mante
553,Mante
554,Mante
555,Mante
556,Mante
557,Mante
558,Sur
559,Sur
560,Sur
561,Sur
562,Sur
563,Sur
564,Sur
565,Sur
566,Sur
567,Sur
568,Sur
569,Sur
570,Sur
571,Sur
572,Sur
573,Sur
574,Sur
575,Sur
576,Sur
577,Sur
578,Sur
579,Sur
580,Sur
581,Sur
582,Sur
583,Sur
584,Sur
585,Sur
586,Altiplano
587,Altiplano
588,Altiplano
589,Altiplano
590,Altiplano
591,Altiplano
592,Altiplano
593,Altiplano
594,Altiplano
595,Altiplano
596,Altiplano
597,Altiplano
598,Altiplano
599,Altiplano
600,Altiplano
601,Mante
602,Mante
603,Mante
604,Mante
605,Mante
606,Mante
607,Mante
608,Mante
609,Mante
610,Mante
611,Mante
612,Mante
613,Mante
614,Mante
615,Mante
616,Mante
617,Mante
618,Mante
619,Sur
620,Sur
621,Sur
622,Sur
623,Sur
624,Sur
625,Sur
626,Sur
627,Sur
628,Sur
629,Sur
630,Sur
631,Sur
632,Sur
633,Sur
634,Sur
635,Sur
636,Sur
637,Sur
638,Sur
639,Sur
640,Sur
641,Sur
642,Sur
643,Sur
644,Sur
645,Altiplano
646,Altiplano
647,Altiplano
648,Altiplano
649,Altiplano
650,Altiplano
651,Altiplano
652,Altiplano
653,Altiplano
654,Altiplano
655,Altiplano
656,Altiplano
657,Altiplano
658,Altiplano
659,Altiplano
660,Altiplano
661,Mante
662,Mante
663,Mante
664,Mante
665,Mante
666,Mante
667,Mante
668,Mante
669,Mante
670,Mante
671,Mante
672,Mante
673,Mante
674,Mante
675,Mante
676,Mante
677,Mante
678,Mante
679,Sur
680,Sur
681,Sur
682,Sur
683,Sur
684,Sur
685,Sur
686,Sur
687,Sur
688,Sur
689,Sur
690,Sur
691,Sur
692,Sur
693,Sur
694,Sur
695,Sur
696,Sur
697,Sur
698,Sur
699,Sur
700,Sur
701,Sur
702,Sur
703,Sur
704,Altiplano
705,Altiplano
706,Altiplano
707,Altiplano
708,Altiplano
709,Altiplano
710,Altiplano
711,Altiplano
712,Altiplano
713,Altiplano
714,Altiplano
715,Altiplano
716,Altiplano
717,Altiplano
718,Altiplano
719,Mante
720,Mante
721,Mante
722,Mante
723,Mante
724,Mante
725,Mante
726,Mante
727,Mante
728,Mante
729,Mante
730,Mante
731,Mante
732,Mante
733,Mante
734,Mante
735,Mante
736,Mante
737,Sur
738,Sur
739,Sur
740,Sur
741,Sur
742,Sur
743,Sur
744,Sur
745,Sur
746,Sur
747,Sur
748,Sur
749,Sur
750,Sur
751,Sur
752,Sur
753,Sur
754,Sur
755,Sur
756,Sur
757,Sur
758,Sur
759,Sur
760,Sur
761,Sur
762,Altiplano
763,Altiplano
764,Altiplano
765,Altiplano
766,Altiplano
767,Altiplano
768,Altiplano
769,Altiplano
770,Altiplano
771,Altiplano
772,Altiplano
773,Altiplano
774,Altiplano
775,Altiplano
776,Mante
777,Mante
778,Mante
779,Mante
780,Mante
781,Mante
782,Mante
783,Mante
784,Mante
785,Mante
786,Mante
787,Mante
788,Mante
789,Mante
790,Mante
791,Mante
792,Mante
793,Mante
794,Sur
795,Sur
796,Centro
797,Centro
798,Centro
799,Sur
800,Sur
801,Sur
802,Sur
803,Sur
804,Sur
805,Sur
806,Sur
807,Sur
808,Sur
809,Sur
810,Sur
811,Sur
812,Sur
813,Sur
814,Sur
815,Sur
816,Sur
817,Sur
818,Sur
819,Altiplano
820,Altiplano
821,Altiplano
822,Altiplano
823,Altiplano
824,Altiplano
825,Altiplano
826,Altiplano
827,Altiplano
828,Altiplano
829,Altiplano
830,Altiplano
831,Altiplano
832,Mante
833,Altiplano
834,Altiplano
835,Mante
836,Mante
837,Mante
838,Mante
839,Mante
840,Mante
841,Mante
842,Mante
843,Mante
844,Mante
845,Mante
846,Mante
847,Mante
848,Mante
849,Mante
850,Centro
851,Centro
852,Centro
853,Centro
854,Centro
855,Sur
856,Sur
857,Centro
858,Sur
859,Sur
860,Sur
861,Sur
862,Sur
863,Sur
864,Sur
865,Sur
866,Sur
867,Sur
868,Sur
869,Sur
870,Sur
871,Sur
872,Sur
873,Sur
874,Sur
875,Altiplano
876,Altiplano
877,Altiplano
878,Altiplano
879,Altiplano
880,Altiplano
881,Altiplano
882,Altiplano
883,Altiplano
884,Altiplano
885,Altiplano
886,Altiplano
887,Altiplano
888,Altiplano
889,Altiplano
890,Altiplano
891,Altiplano
892,Altiplano
893,Mante
894,Mante
895,Mante
896,Mante
897,Centro
898,Centro
899,Centro
900,Centro
901,Mante
902,Mante
903,Mante
904,Centro
905,Centro
906,Centro
907,Centro
908,Centro
909,Centro
910,Centro
911,Centro
912,Centro
913,Centro
914,Centro
915,Centro
916,Sur
917,Centro
918,Centro
919,Sur
920,Sur
921,Sur
922,Sur
923,Sur
924,Sur
925,Sur
926,Sur
927,Sur
928,Sur
929,Sur
930,Sur
931,Sur
932,Sur
933,Altiplano
934,Altiplano
935,Altiplano
936,Altiplano
937,Altiplano
938,Altiplano
939,Altiplano
940,Altiplano
941,Altiplano
942,Altiplano
943,Altiplano
944,Altiplano
945,Altiplano
946,Altiplano
947,Altiplano
948,Altiplano
949,Altiplano
950,Altiplano
951,Altiplano
952,Altiplano
953,Altiplano
954,Altiplano
955,Altiplano
956,Altiplano
957,Centro
958,Centro
959,Centro
960,Centro
961,Centro
962,Mante
963,Centro
964,Centro
965,Centro
966,Centro
967,Centro
968,Centro
969,Centro
970,Centro
971,Centro
972,Centro
973,Centro
974,Centro
975,Centro
976,Centro
977,Sur
978,Centro
979,Centro
980,Sur
981,Sur
982,Sur
983,Sur
984,Sur
985,Sur
986,Sur
987,Sur
988,Sur
989,Sur
990,Sur
991,Sur
992,Sur
993,Altiplano
994,Altiplano
995,Altiplano
996,Altiplano
997,Altiplano
998,Altiplano
999,Altiplano
1000,Altiplano
1001,Altiplano
1002,Altiplano
1003,Altiplano
1004,Altiplano
1005,Altiplano
1006,Altiplano
1007,Altiplano
1008,Altiplano
1009,Altiplano
1010,Altiplano
1011,Altiplano
1012,Altiplano
1013,Altiplano
1014,Altiplano
1015,Altiplano
1016,Centro
1017,Centro
1018,Centro
1019,Centro
1020,Centro
1021,Centro
1022,Centro
1023,Centro
1024,Centro
1025,Centro
1026,Centro
1027,Centro
1028,Centro
1029,Centro
1030,Centro
1031,Centro
1032,Centro
1033,Centro
1034,Centro
1035,Centro
1036,Centro
1037,Centro
1038,Centro
1039,Sur
1040,Sur
1041,Sur
1042,Sur
1043,Sur
1044,Sur
1045,Sur
1046,Sur
1047,Sur
1048,Sur
1049,Sur
1050,Sur
1051,Sur
1052,Altiplano
1053,Altiplano
1054,Altiplano
1055,Altiplano
1056,Altiplano
1057,Altiplano
1058,Altiplano
1059,Altiplano
1060,Altiplano
1061,Altiplano
1062,Altiplano
1063,Altiplano
1064,Altiplano
1065,Altiplano
1066,Altiplano
1067,Altiplano
1068,Altiplano
1069,Altiplano
1070,Altiplano
1071,Altiplano
1072,Altiplano
1073,Altiplano
1074,Centro
1075,Centro
1076,Centro
1077,Centro
1078,Centro
1079,Centro
1080,Centro
1081,Centro
1082,Centro
1083,Centro
1084,Centro
1085,Centro
1086,Centro
1087,Centro
1088,Centro
1089,Centro
1090,Centro
1091,Centro
1092,Centro
1093,Centro
1094,Centro
1095,Centro
1096,Centro
1097,Centro
1098,Centro
1099,Sur
1100,Sur
1101,Sur
1102,Sur
1103,Sur
1104,Sur
1105,Sur
1106,Sur
1107,Sur
1108,Sur
1109,Sur
1110,Altiplano
1111,Altiplano
1112,Altiplano
1113,Altiplano
1114,Altiplano
1115,Altiplano
1116,Altiplano
1117,Altiplano
1118,Altiplano
1119,Altiplano
1120,Altiplano
1121,Altiplano
1122,Altiplano
1123,Altiplano
1124,Altiplano
1125,Altiplano
1126,Altiplano
1127,Altiplano
1128,Altiplano
1129,Altiplano
1130,Altiplano
1131,Altiplano
1132,Altiplano
1133,Centro
1134,Centro
1135,Centro
1136,Centro
1137,Centro
1138,Centro
1139,Centro
1140,Centro
1141,Centro
1142,Centro
1143,Centro
1144,Centro
1145,Centro
1146,Centro
1147,Centro
1148,Centro
1149,Centro
1150,Centro
1151,Centro
1152,Centro
1153,Centro
1154,Centro
1155,Centro
1156,Centro
1157,Sur
1158,Sur
1159,Sur
1160,Sur
1161,Sur
1162,Sur
1163,Sur
1164,Sur
1165,Sur
1166,Sur
1167,Centro
1168,Altiplano
1169,Altiplano
1170,Altiplano
1171,Altiplano
1172,Altiplano
1173,Altiplano
1174,Altiplano
1175,Altiplano
1176,Altiplano
1177,Altiplano
1178,Altiplano
1179,Altiplano
1180,Altiplano
1181,Altiplano
1182,Altiplano
1183,Altiplano
1184,Altiplano
1185,Altiplano
1186,Altiplano
1187,Altiplano
1188,Altiplano
1189,Altiplano
1190,Altiplano
1191,Altiplano
1192,Centro
1193,Centro
1194,Centro
1195,Centro
1196,Centro
1197,Centro
1198,Centro
1199,Centro
1200,Centro
1201,Centro
1202,Centro
1203,Centro
1204,Centro
1205,Centro
1206,Centro
1207,Centro
1208,Centro
1209,Centro
1210,Centro
1211,Centro
1212,Centro
1213,Centro
1214,Centro
1215,Centro
1216,Centro
1217,Sur
1218,Sur
1219,Sur
1220,Sur
1221,Sur
1222,Centro
1223,Centro
1224,Centro
1225,Centro
1226,Sur
1227,Centro
1228,Altiplano
1229,Altiplano
1230,Altiplano
1231,Altiplano
1232,Altiplano
1233,Altiplano
1234,Altiplano
1235,Altiplano
1236,Altiplano
1237,Altiplano
1238,Altiplano
1239,Altiplano
1240,Altiplano
1241,Altiplano
1242,Altiplano
1243,Altiplano
1244,Altiplano
1245,Altiplano
1246,Altiplano
1247,Altiplano
1248,Altiplano
1249,Altiplano
1250,Centro
1251,Centro
1252,Centro
1253,Centro
1254,Centro
1255,Centro
1256,Centro
1257,Centro
1258,Centro
1259,Centro
1260,Centro
1261,Centro
1262,Centro
1263,Centro
1264,Centro
1265,Centro
1266,Centro
1267,Centro
1268,Centro
1269,Centro
1270,Centro
1271,Centro
1272,Centro
1273,Centro
1274,Centro
1275,Centro
1276,Centro
1277,Centro
1278,Centro
1279,Centro
1280,Centro
1281,Centro
1282,Centro
1283,Centro
1284,Centro
1285,Centro
1286,Altiplano
1287,Altiplano
1288,Altiplano
1289,Altiplano
1290,Altiplano
1291,Altiplano
1292,Altiplano
1293,Altiplano
1294,Altiplano
1295,Altiplano
1296,Altiplano
1297,Altiplano
1298,Altiplano
1299,Altiplano
1300,Altiplano
1301,Altiplano
1302,Altiplano
1303,Altiplano
1304,Altiplano
1305,Centro
1306,Centro
1307,Centro
1308,Centro
1309,Centro
1310,Centro
1311,Centro
1312,Centro
1313,Centro
1314,Centro
1315,Centro
1316,Centro
1317,Centro
1318,Centro
1319,Centro
1320,Centro
1321,Centro
1322,Centro
1323,Centro
1324,Centro
1325,Centro
1326,Centro
1327,Centro
1328,Centro
1329,Centro
1330,Centro
1331,Centro
1332,Centro
1333,Centro
1334,Centro
1335,Centro
1336,Centro
1337,Centro
1338,Centro
1339,Centro
1340,Altiplano
1341,Altiplano
1342,Altiplano
1343,Altiplano
1344,Altiplano
1345,Altiplano
1346,Altiplano
1347,Altiplano
1348,Altiplano
1349,Altiplano
1350,Altiplano
1351,Altiplano
1352,Altiplano
1353,Altiplano
1354,Altiplano
1355,Altiplano
1356,Altiplano
1357,Centro
1358,Centro
1359,Centro
1360,Centro
1361,Centro
1362,Centro
1363,Centro
1364,Centro
1365,Centro
1366,Centro
1367,Centro
1368,Centro
1369,Centro
1370,Centro
1371,Centro
1372,Centro
1373,Centro
1374,Centro
1375,Centro
1376,Centro
1377,Centro
1378,Centro
1379,Centro
1380,Centro
1381,Centro
1382,Centro
1383,Centro
1384,Centro
1385,Centro
1386,Centro
1387,Centro
1388,Centro
1389,Centro
1390,Centro
1391,Centro
1392,Centro
1393,Centro
1394,Altiplano
1395,Altiplano
1396,Altiplano
1397,Altiplano
1398,Altiplano
1399,Altiplano
1400,Altiplano
1401,Altiplano
1402,Altiplano
1403,Altiplano
1404,Altiplano
1405,Altiplano
1406,Altiplano
1407,Altiplano
1408,Altiplano
1409,Altiplano
1410,Centro
1411,Centro
1412,Centro
1413,Centro
1414,Centro
1415,Centro
1416,Centro
1417,Centro
1418,Centro
1419,Centro
1420,Centro
1421,Centro
1422,Centro
1423,Centro
1424,Centro
1425,Centro
1426,Centro
1427,Centro
1428,Centro
1429,Centro
1430,Centro
1431,Centro
1432,Centro
1433,Centro
1434,Centro
1435,Centro
1436,Centro
1437,Centro
1438,Centro
1439,Centro
1440,Centro
1441,Centro
1442,Centro
1443,Centro
1444,Centro
1445,Centro
1446,Centro
1447,Centro
1448,Altiplano
1449,Altiplano
1450,Altiplano
1451,Altiplano
1452,Altiplano
1453,Altiplano
1454,Altiplano
1455,Altiplano
1456,Altiplano
1457,Altiplano
1458,Altiplano
1459,Altiplano
1460,Altiplano
1461,Altiplano
1462,Altiplano
1463,Altiplano
1464,Altiplano
1465,Centro
1466,Centro
1467,Centro
1468,Centro
1469,Centro
1470,Centro
1471,Centro
1472,Centro
1473,Centro
1474,Centro
1475,Centro
1476,Centro
1477,Centro
1478,Centro
1479,Centro
1480,Centro
1481,Centro
1482,Centro
1483,Centro
1484,Centro
1485,Centro
1486,Centro
1487,Centro
1488,Centro
1489,Centro
1490,Centro
1491,Centro
1492,Centro
1493,Centro
1494,Centro
1495,Centro
1496,Centro
1497,Centro
1498,Centro
1499,Centro
1500,Centro
1501,Centro
1502,Centro
1503,Altiplano
1504,Altiplano
1505,Altiplano
1506,Altiplano
1507,Altiplano
1508,Altiplano
1509,Altiplano
1510,Altiplano
1511,Altiplano
1512,Altiplano
1513,Altiplano
1514,Altiplano
1515,Altiplano
1516,Altiplano
1517,Altiplano
1518,Altiplano
1519,Altiplano
1520,Centro
1521,Centro
1522,Centro
1523,Centro
1524,Centro
1525,Centro
1526,Centro
1527,Centro
1528,Centro
1529,Centro
1530,Centro
1531,Centro
1532,Centro
1533,Centro
1534,Centro
1535,Centro
1536,Centro
1537,Centro
1538,Centro
1539,Centro
1540,Centro
1541,Centro
1542,Centro
1543,Centro
1544,Centro
1545,Centro
1546,Centro
1547,Centro
1548,Centro
1549,Centro
1550,Centro
1551,Centro
1552,Centro
1553,Centro
1554,Centro
1555,Centro
1556,Centro
1557,Centro
1558,Altiplano
1559,Altiplano
1560,Altiplano
1561,Altiplano
1562,Altiplano
1563,Altiplano
1564,Altiplano
1565,Altiplano
1566,Altiplano
1567,Altiplano
1568,Altiplano
1569,Altiplano
1570,Altiplano
1571,Altiplano
1572,Altiplano
1573,Altiplano
1574,Centro
1575,Centro
1576,Centro
1577,Centro
1578,Centro
1579,Centro
1580,Centro
1581,Centro
1582,Centro
1583,Centro
1584,Centro
1585,Centro
1586,Centro
1587,Centro
1588,Centro
1589,Centro
1590,Centro
1591,Centro
1592,Centro
1593,Centro
1594,Centro
1595,Centro
1596,Centro
1597,Centro
1598,Centro
1599,Centro
1600,Centro
1601,Centro
1602,Centro
1603,Centro
1604,Centro
1605,Centro
1606,Centro
1607,Centro
1608,Centro
1609,Centro
1610,Centro
1611,Centro
1612,Altiplano
1613,Altiplano
1614,Altiplano
1615,Altiplano
1616,Altiplano
1617,Altiplano
1618,Altiplano
1619,Altiplano
1620,Altiplano
1621,Altiplano
1622,Altiplano
1623,Altiplano
1624,Altiplano
1625,Altiplano
1626,Altiplano
1627,Altiplano
1628,Centro
1629,Centro
1630,Centro
1631,Centro
1632,Centro
1633,Centro
1634,Centro
1635,Centro
1636,Centro
1637,Centro
1638,Centro
1639,Centro
1640,Centro
1641,Centro
1642,Centro
1643,Centro
1644,Centro
1645,Centro
1646,Centro
1647,Centro
1648,Centro
1649,Centro
1650,Centro
1651,Centro
1652,Centro
1653,Centro
1654,Centro
1655,Centro
1656,Centro
1657,Centro
1658,Centro
1659,Centro
1660,Centro
1661,Centro
1662,Centro
1663,Centro
1664,Centro
1665,Centro
1666,Altiplano
1667,Altiplano
1668,Altiplano
1669,Altiplano
1670,Altiplano
1671,Altiplano
1672,Altiplano
1673,Altiplano
1674,Altiplano
1675,Altiplano
1676,Altiplano
1677,Altiplano
1678,Altiplano
1679,Altiplano
1680,Centro
1681,Centro
1682,Centro
1683,Centro
1684,Centro
1685,Centro
1686,Centro
1687,Centro
1688,Centro
1689,Centro
1690,Centro
1691,Centro
1692,Centro
1693,Centro
1694,Centro
1695,Centro
1696,Centro
1697,Centro
1698,Centro
1699,Centro
1700,Centro
1701,Centro
1702,Centro
1703,Centro
1704,Centro
1705,Centro
1706,Centro
1707,Centro
1708,Centro
1709,Centro
1710,Centro
1711,Centro
1712,Centro
1713,Centro
1714,Centro
1715,Centro
1716,Centro
1717,Centro
1718,Centro
1719,Altiplano
1720,Altiplano
1721,Altiplano
1722,Altiplano
1723,Altiplano
1724,Altiplano
1725,Altiplano
1726,Altiplano
1727,Altiplano
1728,Altiplano
1729,Altiplano
1730,Altiplano
1731,Altiplano
1732,Altiplano
1733,Centro
1734,Centro
1735,Centro
1736,Centro
1737,Centro
1738,Centro
1739,Centro
1740,Centro
1741,Centro
1742,Centro
1743,Centro
1744,Centro
1745,Centro
1746,Centro
1747,Centro
1748,Centro
1749,Centro
1750,Centro
1751,Centro
1752,Centro
1753,Centro
1754,Centro
1755,Centro
1756,Centro
1757,Centro
1758,Centro
1759,Centro
1760,Centro
1761,Centro
1762,Centro
1763,Centro
1764,Centro
1765,Centro
1766,Centro
1767,Centro
1768,Centro
1769,Centro
1770,Centro
1771,Centro
1772,Altiplano
1773,Altiplano
1774,Altiplano
1775,Altiplano
1776,Altiplano
1777,Altiplano
1778,Altiplano
1779,Altiplano
1780,Altiplano
1781,Altiplano
1782,Altiplano
1783,Altiplano
1784,Altiplano
1785,Centro
1786,Centro
1787,Centro
1788,Centro
1789,Centro
1790,Centro
1791,Centro
1792,Centro
1793,Centro
1794,Centro
1795,Centro
1796,Centro
1797,Centro
1798,Centro
1799,Centro
1800,Centro
1801,Centro
1802,Centro
1803,Centro
1804,Centro
1805,Centro
1806,Centro
1807,Centro
1808,Centro
1809,Centro
1810,Centro
1811,Centro
1812,Centro
1813,Centro
1814,Centro
1815,Centro
1816,Centro
1817,Centro
1818,Centro
1819,Centro
1820,Centro
1821,Centro
1822,Centro
1823,Centro
1824,Centro
1825,Altiplano
1826,Altiplano
1827,Altiplano
1828,Altiplano
1829,Altiplano
1830,Altiplano
1831,Altiplano
1832,Centro
1833,Centro
1834,Centro
1835,Centro
1836,Centro
1837,Centro
1838,Centro
1839,Centro
1840,Centro
1841,Centro
1842,Centro
1843,Centro
1844,Centro
1845,Centro
1846,Centro
1847,Centro
1848,Centro
1849,Centro
1850,Centro
1851,Centro
1852,Centro
1853,Centro
1854,Centro
1855,Centro
1856,Centro
1857,Centro
1858,Centro
1859,Centro
1860,Centro
1861,Centro
1862,Centro
1863,Centro
1864,Centro
1865,Centro
1866,Centro
1867,Centro
1868,Centro
1869,Centro
1870,Altiplano
1871,Centro
1872,Centro
1873,Centro
1874,Centro
1875,Centro
1876,Centro
1877,Centro
1878,Centro
1879,Centro
1880,Centro
1881,Centro
1882,Centro
1883,Centro
1884,Centro
1885,Centro
1886,Centro
1887,Centro
1888,Centro
1889,Centro
1890,Centro
1891,Centro
1892,Centro
1893,Centro
1894,Centro
1895,Centro
1896,Centro
1897,Centro
1898,Centro
1899,Centro
1900,Centro
1901,Centro
1902,Centro
1903,Centro
1904,Centro
1905,Centro
1906,Centro
1907,Centro
1908,Centro
1909,Centro
1910,Centro
1911,Centro
1912,Centro
1913,Centro
1914,Altiplano
1915,Centro
1916,Centro
1917,Centro
1918,Centro
1919,Centro
1920,Centro
1921,Centro
1922,Centro
1923,Centro
1924,Centro
1925,Centro
1926,Centro
1927,Centro
1928,Centro
1929,Centro
1930,Centro
1931,Centro
1932,Centro
1933,Centro
1934,Centro
1935,Centro
1936,Centro
1937,Centro
1938,Centro
1939,Centro
1940,Centro
1941,Centro
1942,Centro
1943,Centro
1944,Centro
1945,Centro
1946,Centro
1947,Centro
1948,Centro
1949,Centro
1950,Centro
1951,Centro
1952,Centro
1953,Centro
1954,Centro
1955,Centro
1956,Centro
1957,Centro
1958,Centro
1959,Centro
1960,Centro
1961,Centro
1962,Centro
1963,Centro
1964,Centro
1965,Centro
1966,Centro
1967,Centro
1968,Centro
1969,Centro
1970,Centro
1971,Centro
1972,Centro
1973,Centro
1974,Centro
1975,Centro
1976,Centro
1977,Centro
1978,Centro
1979,Centro
1980,Centro
1981,Centro
1982,Centro
1983,Centro
1984,Centro
1985,Centro
1986,Centro
1987,Centro
1988,Centro
1989,Centro
1990,Centro
1991,Centro
1992,Centro
1993,Centro
1994,Centro
1995,Centro
1996,Centro
1997,Centro
1998,Centro
1999,Centro
2000,Centro
2001,Centro
2002,Centro
2003,Centro
2004,Centro
2005,Centro
2006,Centro
2007,Centro
2008,Centro
2009,Centro
2010,Centro
2011,Centro
2012,Centro
2013,Centro
2014,Centro
2015,Centro
2016,Centro
2017,Centro
2018,Centro
2019,Centro
2020,Centro
2021,Centro
2022,Centro
2023,Centro
2024,Centro
2025,Centro
2026,Centro
2027,Centro
2028,Centro
2029,Centro
2030,Centro
2031,Centro
2032,Centro
2033,Centro
2034,Centro
2035,Centro
2036,Centro
2037,Centro
2038,Centro
2039,Centro
2040,Centro
2041,Centro
2042,Centro
2043,Centro
2044,Centro
2045,Centro
2046,Centro
2047,Centro
2048,Centro
2049,Centro
2050,Centro
2051,Centro
2052,Centro
2053,Centro
2054,Centro
2055,Centro
2056,Centro
2057,Centro
2058,Centro
2059,Centro
2060,Centro
2061,Centro
2062,Centro
2063,Centro
2064,Centro
2065,Centro
2066,Centro
2067,Centro
2068,Centro
2069,Centro
2070,Centro
2071,Centro
2072,Centro
2073,Centro
2074,Centro
2075,Centro
2076,Centro
2077,Centro
2078,Centro
2079,Centro
2080,Centro
2081,Centro
2082,Centro
2083,Centro
2084,Centro
2085,Centro
2086,Centro
2087,Centro
2088,Centro
2089,Centro
2090,Centro
2091,Centro
2092,Centro
2093,Centro
2094,Centro
2095,Centro
2096,Centro
2097,Centro
2098,Centro
2099,Centro
2100,Centro
2101,Centro
2102,Centro
2103,Centro
2104,Centro
2105,Centro
2106,Centro
2107,Centro
2108,Centro
2109,Centro
2110,Centro
2111,Centro
2112,Centro
2113,Centro
2114,Centro
2115,Centro
2116,Centro
2117,Centro
2118,Centro
2119,Centro
2120,Centro
2121,Centro
2122,Centro
2123,Centro
2124,Centro
2125,Centro
2126,Centro
2127,Centro
2128,Centro
2129,Centro
2130,Centro
2131,Centro
2132,Centro
2133,Centro
2134,Centro
2135,Centro
2136,Centro
2137,Centro
2138,Centro
2139,Centro
2140,Centro
2141,Centro
2142,Centro
2143,Centro
2144,Centro
2145,Centro
2146,Centro
2147,Centro
2148,Centro
2149,Centro
2150,Centro
2151,Centro
2152,Centro
2153,Centro
2154,Centro
2155,Centro
2156,Centro
2157,Centro
2158,Centro
2159,Centro
2160,Centro
2161,Centro
2162,Centro
2163,Centro
2164,Centro
2165,Centro
2166,Centro
2167,Centro
2168,Centro
2169,Centro
2170,Centro
2171,Centro
2172,Centro
2173,Centro
2174,Centro
2175,Centro
2176,Centro
2177,Centro
2178,Centro
2179,Centro
2180,Centro
2181,Centro
2182,Centro
2183,Centro
2184,Centro
2185,Centro
2186,Centro
2187,Centro
2188,Centro
2189,Centro
2190,Centro
2191,Centro
2192,Centro
2193,Centro
2194,Centro
2195,Centro
2196,Centro
2197,Centro
2198,Centro
2199,Centro
2200,Centro
2201,Centro
2202,Centro
2203,Centro
2204,Centro
2205,Centro
2206,Centro
2207,Centro
2208,Centro
2209,Centro
2210,Centro
2211,Centro
2212,Centro
2213,Centro
2214,Centro
2215,Centro
2216,Centro
2217,Centro
2218,Centro
2219,Centro
2220,Centro
2221,Centro
2222,Centro
2223,Centro
2224,Centro
2225,Centro
2226,Centro
2227,Centro
2228,Centro
2229,Centro
2230,Centro
2231,Centro
2232,Centro
2233,Centro
2234,Centro
2235,Centro
2236,Centro
2237,Centro
2238,Centro
2239,Centro
2240,Centro
2241,Centro
2242,Centro
2243,Centro
2244,Centro
2245,Centro
2246,Centro
2247,Centro
2248,Centro
2249,Centro
2250,Centro
2251,Centro
2252,Centro
2253,Centro
2254,Centro
2255,Centro
2256,Centro
2257,Centro
2258,Centro
2259,Centro
2260,Centro
2261,Centro
2262,Centro
2263,Centro
2264,Centro
2265,Centro
2266,Centro
2267,Centro
2268,Centro
2269,Centro
2270,Centro
2271,Centro
2272,Centro
2273,Centro
2274,Centro
2275,Centro
2276,Centro
2277,Centro
2278,Centro
2279,Centro
2280,Centro
2281,Centro
2282,Centro
2283,Centro
2284,Centro
2285,Centro
2286,Centro
2287,Centro
2288,Centro
2289,Centro
2290,Centro
2291,Centro
2292,Centro
2293,Centro
2294,Centro
2295,Centro
2296,Centro
2297,Centro
2298,Centro
2299,Centro
2300,Centro
2301,Centro
2302,Centro
2303,Centro
2304,Centro
2305,Centro
2306,Centro
2307,Centro
2308,Centro
2309,Centro
2310,Centro
2311,Centro
2312,Centro
2313,Centro
2314,Centro
2315,Centro
2316,Centro
2317,Centro
2318,Centro
2319,Centro
2320,Centro
2321,Centro
2322,Centro
2323,Centro
2324,Centro
2325,Centro
2326,Centro
2327,Centro
2328,Centro
2329,Centro
2330,Centro
2331,Centro
2332,Centro
2333,Centro
2334,Centro
2335,Centro
2336,Centro
2337,Centro
2338,Centro
2339,Centro
2340,Centro
2341,Centro
2342,Centro
2343,Centro
2344,Centro
2345,Centro
2346,Centro
2347,Centro
2348,Centro
2349,Centro
2350,Centro
2351,Centro
2352,Centro
2353,Centro
2354,Centro
2355,Centro
2356,Centro
2357,Centro
2358,Centro
2359,Centro
2360,Centro
2361,Centro
2362,Centro
2363,Centro
2364,Centro
2365,Centro
2366,Centro
2367,Centro
2368,Centro
2369,Centro
2370,Centro
2371,Centro
2372,Centro
2373,Centro
2374,Centro
2375,Centro
2376,Centro
2377,Centro
2378,Centro
2379,Centro
2380,Centro
2381,Centro
2382,Centro
2383,Centro
2384,Centro
2385,Centro
2386,Centro
2387,Centro
2388,Centro
2389,Centro
2390,Centro
2391,Centro
2392,Centro
2393,Centro
2394,Centro
2395,Centro
2396,Centro
2397,Centro
2398,Centro
2399,Centro
2400,Centro
2401,Centro
2402,Centro
2403,Centro
2404,Centro
2405,Centro
2406,Centro
2407,Centro
2408,Centro
2409,Centro
2410,Centro
2411,Centro
2412,Centro
2413,Centro
2414,Centro
2415,Centro
2416,Centro
2417,Centro
2418,Centro
2419,Centro
2420,Centro
2421,Centro
2422,Centro
2423,Centro
2424,Centro
2425,Centro
2426,Centro
2427,Centro
2428,Centro
2429,Centro
2430,Centro
2431,Centro
2432,Centro
2433,Centro
2434,Centro
2435,Centro
2436,Centro
2437,Centro
2438,Centro
2439,Centro
2440,Centro
2441,Centro
2442,Centro
2443,Centro
2444,Centro
2445,Centro
2446,Centro
2447,Centro
2448,Centro
2449,Centro
2450,Centro
2451,Centro
2452,Centro
2453,Centro
2454,Centro
2455,Centro
2456,Centro
2457,Centro
2458,Centro
2459,Centro
2460,Valle de San Fernando
2461,Centro
2462,Centro
2463,Centro
2464,Centro
2465,Centro
2466,Centro
2467,Centro
2468,Centro
2469,Centro
2470,Centro
2471,Centro
2472,Centro
2473,Centro
2474,Centro
2475,Centro
2476,Centro
2477,Centro
2478,Centro
2479,Centro
2480,Centro
2481,Centro
2482,Centro
2483,Centro
2484,Centro
2485,Centro
2486,Centro
2487,Centro
2488,Centro
2489,Centro
2490,Centro
2491,Centro
2492,Centro
2493,Centro
2494,Centro
2495,Centro
2496,Centro
2497,Centro
2498,Centro
2499,Centro
2500,Centro
2501,Centro
2502,Centro
2503,Centro
2504,Centro
2505,Centro
2506,Centro
2507,Valle de San Fernando
2508,Centro
2509,Centro
2510,Centro
2511,Centro
2512,Centro
2513,Centro
2514,Centro
2515,Centro
2516,Centro
2517,Centro
2518,Centro
2519,Centro
2520,Centro
2521,Centro
2522,Centro
2523,Centro
2524,Centro
2525,Centro
2526,Centro
2527,Centro
2528,Centro
2529,Centro
2530,Centro
2531,Centro
2532,Centro
2533,Centro
2534,Centro
2535,Centro
2536,Centro
2537,Centro
2538,Centro
2539,Centro
2540,Centro
2541,Centro
2542,Centro
2543,Centro
2544,Centro
2545,Centro
2546,Centro
2547,Centro
2548,Centro
2549,Centro
2550,Valle de San Fernando
2551,Valle de San Fernando
2552,Valle de San Fernando
2553,Valle de San Fernando
2554,Valle de San Fernando
2555,Valle de San Fernando
2556,Centro
2557,Centro
2558,Centro
2559,Centro
2560,Centro
2561,Centro
2562,Centro
2563,Centro
2564,Centro
2565,Centro
2566,Centro
2567,Centro
2568,Centro
2569,Centro
2570,Centro
2571,Centro
2572,Centro
2573,Centro
2574,Centro
2575,Centro
2576,Centro
2577,Centro
2578,Centro
2579,Centro
2580,Centro
2581,Centro
2582,Centro
2583,Centro
2584,Centro
2585,Centro
2586,Centro
2587,Centro
2588,Centro
2589,Valle de San Fernando
2590,Valle de San Fernando
2591,Valle de San Fernando
2592,Valle de San Fernando
2593,Valle de San Fernando
2594,Valle de San Fernando
2595,Valle de San Fernando
2596,Valle de San Fernando
2597,Valle de San Fernando
2598,Valle de San Fernando
2599,Valle de San Fernando
2600,Valle de San Fernando
2601,Valle de San Fernando
2602,Valle de San Fernando
2603,Valle de San Fernando
2604,Valle de San Fernando
2605,Centro
2606,Centro
2607,Centro
2608,Centro
2609,Centro
2610,Centro
2611,Centro
2612,Centro
2613,Centro
2614,Centro
2615,Centro
2616,Centro
2617,Centro
2618,Centro
2619,Centro
2620,Centro
2621,Centro
2622,Centro
2623,Centro
2624,Centro
2625,Centro
2626,Centro
2627,Centro
2628,Centro
2629,Centro
2630,Valle de San Fernando
2631,Valle de San Fernando
2632,Valle de San Fernando
2633,Valle de San Fernando
2634,Valle de San Fernando
2635,Valle de San Fernando
2636,Valle de San Fernando
2637,Valle de San Fernando
2638,Valle de San Fernando
2639,Valle de San Fernando
2640,Valle de San Fernando
2641,Valle de San Fernando
2642,Valle de San Fernando
2643,Valle de San Fernando
2644,Valle de San Fernando
2645,Valle de San Fernando
2646,Valle de San Fernando
2647,Valle de San Fernando
2648,Valle de San Fernando
2649,Valle de San Fernando
2650,Valle de San Fernando
2651,Valle de San Fernando
2652,Valle de San Fernando
2653,Centro
2654,Centro
2655,Centro
2656,Centro
2657,Centro
2658,Centro
2659,Centro
2660,Centro
2661,Centro
2662,Centro
2663,Centro
2664,Centro
2665,Centro
2666,Centro
2667,Centro
2668,Centro
2669,Centro
2670,Centro
2671,Centro
2672,Centro
2673,Centro
2674,Centro
2675,Centro
2676,Centro
2677,Centro
2678,Centro
2679,Centro
2680,Centro
2681,Valle de San Fernando
2682,Valle de San Fernando
2683,Valle de San Fernando
2684,Valle de San Fernando
2685,Valle de San Fernando
2686,Valle de San Fernando
2687,Valle de San Fernando
2688,Valle de San Fernando
2689,Valle de San Fernando
2690,Valle de San Fernando
2691,Valle de San Fernando
2692,Valle de San Fernando
2693,Valle de San Fernando
2694,Valle de San Fernando
2695,Valle de San Fernando
2696,Valle de San Fernando
2697,Valle de San Fernando
2698,Valle de San Fernando
2699,Valle de San Fernando
2700,Valle de San Fernando
2701,Valle de San Fernando
2702,Valle de San Fernando
2703,Valle de San Fernando
2704,Centro
2705,Centro
2706,Centro
2707,Centro
2708,Centro
2709,Centro
2710,Centro
2711,Centro
2712,Centro
2713,Centro
2714,Centro
2715,Centro
2716,Centro
2717,Centro
2718,Centro
2719,Centro
2720,Centro
2721,Centro
2722,Centro
2723,Centro
2724,Centro
2725,Centro
2726,Centro
2727,Centro
2728,Centro
2729,Centro
2730,Centro
2731,Centro
2732,Valle de San Fernando
2733,Valle de San Fernando
2734,Valle de San Fernando
2735,Valle de San Fernando
2736,Valle de San Fernando
2737,Valle de San Fernando
2738,Valle de San Fernando
2739,Valle de San Fernando
2740,Valle de San Fernando
2741,Valle de San Fernando
2742,Valle de San Fernando
2743,Valle de San Fernando
2744,Valle de San Fernando
2745,Valle de San Fernando
2746,Valle de San Fernando
2747,Valle de San Fernando
2748,Valle de San Fernando
2749,Valle de San Fernando
2750,Valle de San Fernando
2751,Valle de San Fernando
2752,Valle de San Fernando
2753,Valle de San Fernando
2754,Valle de San Fernando
2755,Centro
2756,Centro
2757,Centro
2758,Centro
2759,Centro
2760,Centro
2761,Centro
2762,Centro
2763,Centro
2764,Centro
2765,Centro
2766,Centro
2767,Centro
2768,Centro
2769,Centro
2770,Centro
2771,Centro
2772,Centro
2773,Centro
2774,Centro
2775,Centro
2776,Centro
2777,Centro
2778,Centro
2779,Centro
2780,Valle de San Fernando
2781,Valle de San Fernando
2782,Valle de San Fernando
2783,Valle de San Fernando
2784,Valle de San Fernando
2785,Valle de San Fernando
2786,Valle de San Fernando
2787,Valle de San Fernando
2788,Valle de San Fernando
2789,Valle de San Fernando
2790,Valle de San Fernando
2791,Valle de San Fernando
2792,Valle de San Fernando
2793,Valle de San Fernando
2794,Valle de San Fernando
2795,Valle de San Fernando
2796,Valle de San Fernando
2797,Valle de San Fernando
2798,Valle de San Fernando
2799,Valle de San Fernando
2800,Valle de San Fernando
2801,Valle de San Fernando
2802,Valle de San Fernando
2803,Valle de San Fernando
2804,Centro
2805,Centro
2806,Centro
2807,Centro
2808,Centro
2809,Centro
2810,Centro
2811,Centro
2812,Centro
2813,Centro
2814,Centro
2815,Centro
2816,Centro
2817,Centro
2818,Centro
2819,Centro
2820,Centro
2821,Centro
2822,Centro
2823,Centro
2824,Centro
2825,Valle de San Fernando
2826,Valle de San Fernando
2827,Valle de San Fernando
2828,Valle de San Fernando
2829,Valle de San Fernando
2830,Valle de San Fernando
2831,Valle de San Fernando
2832,Valle de San Fernando
2833,Valle de San Fernando
2834,Valle de San Fernando
2835,Valle de San Fernando
2836,Valle de San Fernando
2837,Valle de San Fernando
2838,Valle de San Fernando
2839,Valle de San Fernando
2840,Valle de San Fernando
2841,Valle de San Fernando
2842,Valle de San Fernando
2843,Valle de San Fernando
2844,Valle de San Fernando
2845,Valle de San Fernando
2846,Valle de San Fernando
2847,Valle de San Fernando
2848,Valle de San Fernando
2849,Centro
2850,Centro
2851,Centro
2852,Centro
2853,Centro
2854,Centro
2855,Centro
2856,Centro
2857,Centro
2858,Centro
2859,Centro
2860,Centro
2861,Centro
2862,Centro
2863,Centro
2864,Centro
2865,Centro
2866,Centro
2867,Centro
2868,Centro
2869,Centro
2870,Valle de San Fernando
2871,Valle de San Fernando
2872,Valle de San Fernando
2873,Valle de San Fernando
2874,Valle de San Fernando
2875,Valle de San Fernando
2876,Valle de San Fernando
2877,Valle de San Fernando
2878,Valle de San Fernando
2879,Valle de San Fernando
2880,Valle de San Fernando
2881,Valle de San Fernando
2882,Valle de San Fernando
2883,Valle de San Fernando
2884,Valle de San Fernando
2885,Valle de San Fernando
2886,Valle de San Fernando
2887,Valle de San Fernando
2888,Valle de San Fernando
2889,Valle de San Fernando
2890,Valle de San Fernando
2891,Valle de San Fernando
2892,Valle de San Fernando
2893,Valle de San Fernando
2894,Centro
2895,Centro
2896,Centro
2897,Centro
2898,Centro
2899,Centro
2900,Centro
2901,Centro
2902,Centro
2903,Centro
2904,Centro
2905,Centro
2906,Centro
2907,Centro
2908,Centro
2909,Centro
2910,Centro
2911,Centro
2912,Centro
2913,Valle de San Fernando
2914,Valle de San Fernando
2915,Valle de San Fernando
2916,Valle de San Fernando
2917,Valle de San Fernando
2918,Valle de San Fernando
2919,Valle de San Fernando
2920,Valle de San Fernando
2921,Valle de San Fernando
2922,Valle de San Fernando
2923,Valle de San Fernando
2924,Valle de San Fernando
2925,Valle de San Fernando
2926,Valle de San Fernando
2927,Valle de San Fernando
2928,Valle de San Fernando
2929,Valle de San Fernando
2930,Valle de San Fernando
2931,Valle de San Fernando
2932,Valle de San Fernando
2933,Valle de San Fernando
2934,Valle de San Fernando
2935,Valle de San Fernando
2936,Centro
2937,Centro
2938,Centro
2939,Centro
2940,Centro
2941,Centro
2942,Centro
2943,Centro
2944,Centro
2945,Centro
2946,Valle de San Fernando
2947,Valle de San Fernando
2948,Valle de San Fernando
2949,Valle de San Fernando
2950,Valle de San Fernando
2951,Valle de San Fernando
2952,Valle de San Fernando
2953,Valle de San Fernando
2954,Valle de San Fernando
2955,Valle de San Fernando
2956,Valle de San Fernando
2957,Valle de San Fernando
2958,Valle de San Fernando
2959,Valle de San Fernando
2960,Valle de San Fernando
2961,Valle de San Fernando
2962,Valle de San Fernando
2963,Valle de San Fernando
2964,Valle de San Fernando
2965,Valle de San Fernando
2966,Valle de San Fernando
2967,Valle de San Fernando
2968,Valle de San Fernando
2969,Valle de San Fernando
2970,Valle de San Fernando
2971,Valle de San Fernando
2972,Valle de San Fernando
2973,Valle de San Fernando
2974,Centro
2975,Centro
2976,Centro
2977,Centro
2978,Centro
2979,Centro
2980,Valle de San Fernando
2981,Valle de San Fernando
2982,Valle de San Fernando
2983,Valle de San Fernando
2984,Valle de San Fernando
2985,Valle de San Fernando
2986,Valle de San Fernando
2987,Valle de San Fernando
2988,Valle de San Fernando
2989,Valle de San Fernando
2990,Valle de San Fernando
2991,Valle de San Fernando
2992,Valle de San Fernando
2993,Valle de San Fernando
2994,Valle de San Fernando
2995,Valle de San Fernando
2996,Valle de San Fernando
2997,Valle de San Fernando
2998,Valle de San Fernando
2999,Valle de San Fernando
3000,Valle de San Fernando
3001,Valle de San Fernando
3002,Valle de San Fernando
3003,Valle de San Fernando
3004,Valle de San Fernando
3005,Valle de San Fernando
3006,Valle de San Fernando
3007,Valle de San Fernando
3008,Valle de San Fernando
3009,Valle de San Fernando
3010,Valle de San Fernando
3011,Centro
3012,Valle de San Fernando
3013,Valle de San Fernando
3014,Centro
3015,Valle de San Fernando
3016,Centro
3017,Valle de San Fernando
3018,Valle de San Fernando
3019,Valle de San Fernando
3020,Valle de San Fernando
3021,Valle de San Fernando
3022,Valle de San Fernando
3023,Valle de San Fernando
3024,Valle de San Fernando
3025,Valle de San Fernando
3026,Valle de San Fernando
3027,Valle de San Fernando
3028,Valle de San Fernando
3029,Valle de San Fernando
3030,Valle de San Fernando
3031,Valle de San Fernando
3032,Valle de San Fernando
3033,Valle de San Fernando
3034,Valle de San Fernando
3035,Valle de San Fernando
3036,Valle de San Fernando
3037,Valle de San Fernando
3038,Valle de San Fernando
3039,Valle de San Fernando
3040,Valle de San Fernando
3041,Valle de San Fernando
3042,Valle de San Fernando
3043,Valle de San Fernando
3044,Valle de San Fernando
3045,Valle de San Fernando
3046,Valle de San Fernando
3047,Valle de San Fernando
3048,Valle de San Fernando
3049,Valle de San Fernando
3050,Valle de San Fernando
3051,Valle de San Fernando
3052,Valle de San Fernando
3053,Valle de San Fernando
3054,Valle de San Fernando
3055,Valle de San Fernando
3056,Valle de San Fernando
3057,Valle de San Fernando
3058,Valle de San Fernando
3059,Valle de San Fernando
3060,Valle de San Fernando
3061,Valle de San Fernando
3062,Valle de San Fernando
3063,Valle de San Fernando
3064,Valle de San Fernando
3065,Valle de San Fernando
3066,Valle de San Fernando
3067,Valle de San Fernando
3068,Valle de San Fernando
3069,Valle de San Fernando
3070,Valle de San Fernando
3071,Valle de San Fernando
3072,Valle de San Fernando
3073,Valle de San Fernando
3074,Valle de San Fernando
3075,Valle de San Fernando
3076,Valle de San Fernando
3077,Valle de San Fernando
3078,Valle de San Fernando
3079,Valle de San Fernando
3080,Valle de San Fernando
3081,Valle de San Fernando
3082,Valle de San Fernando
3083,Valle de San Fernando
3084,Valle de San Fernando
3085,Valle de San Fernando
3086,Valle de San Fernando
3087,Valle de San Fernando
3088,Valle de San Fernando
3089,Valle de San Fernando
3090,Valle de San Fernando
3091,Valle de San Fernando
3092,Valle de San Fernando
3093,Valle de San Fernando
3094,Valle de San Fernando
3095,Valle de San Fernando
3096,Valle de San Fernando
3097,Valle de San Fernando
3098,Valle de San Fernando
3099,Valle de San Fernando
3100,Valle de San Fernando
3101,Valle de San Fernando
3102,Valle de San Fernando
3103,Valle de San Fernando
3104,Valle de San Fernando
3105,Valle de San Fernando
3106,Valle de San Fernando
3107,Valle de San Fernando
3108,Valle de San Fernando
3109,Valle de San Fernando
3110,Valle de San Fernando
3111,Valle de San Fernando
3112,Valle de San Fernando
3113,Valle de San Fernando
3114,Valle de San Fernando
3115,Valle de San Fernando
3116,Valle de San Fernando
3117,Valle de San Fernando
3118,Valle de San Fernando
3119,Valle de San Fernando
3120,Valle de San Fernando
3121,Valle de San Fernando
3122,Valle de San Fernando
3123,Valle de San Fernando
3124,Valle de San Fernando
3125,Valle de San Fernando
3126,Valle de San Fernando
3127,Valle de San Fernando
3128,Valle de San Fernando
3129,Valle de San Fernando
3130,Valle de San Fernando
3131,Valle de San Fernando
3132,Valle de San Fernando
3133,Valle de San Fernando
3134,Valle de San Fernando
3135,Valle de San Fernando
3136,Valle de San Fernando
3137,Valle de San Fernando
3138,Valle de San Fernando
3139,Valle de San Fernando
3140,Valle de San Fernando
3141,Valle de San Fernando
3142,Valle de San Fernando
3143,Valle de San Fernando
3144,Valle de San Fernando
3145,Valle de San Fernando
3146,Valle de San Fernando
3147,Valle de San Fernando
3148,Valle de San Fernando
3149,Valle de San Fernando
3150,Valle de San Fernando
3151,Valle de San Fernando
3152,Valle de San Fernando
3153,Valle de San Fernando
3154,Valle de San Fernando
3155,Valle de San Fernando
3156,Valle de San Fernando
3157,Valle de San Fernando
3158,Valle de San Fernando
3159,Valle de San Fernando
3160,Valle de San Fernando
3161,Valle de San Fernando
3162,Valle de San Fernando
3163,Valle de San Fernando
3164,Valle de San Fernando
3165,Valle de San Fernando
3166,Valle de San Fernando
3167,Valle de San Fernando
3168,Valle de San Fernando
3169,Valle de San Fernando
3170,Valle de San Fernando
3171,Valle de San Fernando
3172,Valle de San Fernando
3173,Valle de San Fernando
3174,Valle de San Fernando
3175,Valle de San Fernando
3176,Valle de San Fernando
3177,Valle de San Fernando
3178,Valle de San Fernando
3179,Valle de San Fernando
3180,Valle de San Fernando
3181,Valle de San Fernando
3182,Valle de San Fernando
3183,Valle de San Fernando
3184,Valle de San Fernando
3185,Valle de San Fernando
3186,Valle de San Fernando
3187,Valle de San Fernando
3188,Valle de San Fernando
3189,Valle de San Fernando
3190,Valle de San Fernando
3191,Valle de San Fernando
3192,Valle de San Fernando
3193,Valle de San Fernando
3194,Valle de San Fernando
3195,Valle de San Fernando
3196,Valle de San Fernando
3197,Valle de San Fernando
3198,Valle de San Fernando
3199,Valle de San Fernando
3200,Valle de San Fernando
3201,Valle de San Fernando
3202,Valle de San Fernando
3203,Valle de San Fernando
3204,Valle de San Fernando
3205,Valle de San Fernando
3206,Valle de San Fernando
3207,Valle de San Fernando
3208,Valle de San Fernando
3209,Valle de San Fernando
3210,Valle de San Fernando
3211,Valle de San Fernando
3212,Valle de San Fernando
3213,Valle de San Fernando
3214,Valle de San Fernando
3215,Valle de San Fernando
3216,Valle de San Fernando
3217,Valle de San Fernando
3218,Valle de San Fernando
3219,Valle de San Fernando
3220,Valle de San Fernando
3221,Valle de San Fernando
3222,Valle de San Fernando
3223,Valle de San Fernando
3224,Valle de San Fernando
3225,Valle de San Fernando
3226,Valle de San Fernando
3227,Valle de San Fernando
3228,Valle de San Fernando
3229,Valle de San Fernando
3230,Valle de San Fernando
3231,Valle de San Fernando
3232,Valle de San Fernando
3233,Valle de San Fernando
3234,Valle de San Fernando
3235,Valle de San Fernando
3236,Valle de San Fernando
3237,Valle de San Fernando
3238,Valle de San Fernando
3239,Valle de San Fernando
3240,Valle de San Fernando
3241,Valle de San Fernando
3242,Valle de San Fernando
3243,Valle de San Fernando
3244,Valle de San Fernando
3245,Valle de San Fernando
3246,Valle de San Fernando
3247,Valle de San Fernando
3248,Valle de San Fernando
3249,Valle de San Fernando
3250,Valle de San Fernando
3251,Valle de San Fernando
3252,Valle de San Fernando
3253,Valle de San Fernando
3254,Valle de San Fernando
3255,Valle de San Fernando
3256,Valle de San Fernando
3257,Valle de San Fernando
3258,Valle de San Fernando
3259,Valle de San Fernando
3260,Valle de San Fernando
3261,Valle de San Fernando
3262,Valle de San Fernando
3263,Valle de San Fernando
3264,Valle de San Fernando
3265,Valle de San Fernando
3266,Valle de San Fernando
3267,Valle de San Fernando
3268,Valle de San Fernando
3269,Valle de San Fernando
3270,Valle de San Fernando
3271,Valle de San Fernando
3272,Valle de San Fernando
3273,Valle de San Fernando
3274,Valle de San Fernando
3275,Valle de San Fernando
3276,Valle de San Fernando
3277,Valle de San Fernando
3278,Valle de San Fernando
3279,Valle de San Fernando
3280,Valle de San Fernando
3281,Valle de San Fernando
3282,Valle de San Fernando
3283,Valle de San Fernando
3284,Valle de San Fernando
3285,Valle de San Fernando
3286,Valle de San Fernando
3287,Valle de San Fernando
3288,Valle de San Fernando
3289,Valle de San Fernando
3290,Valle de San Fernando
3291,Valle de San Fernando
3292,Valle de San Fernando
3293,Valle de San Fernando
3294,Valle de San Fernando
3295,Valle de San Fernando
3296,Valle de San Fernando
3297,Valle de San Fernando
3298,Valle de San Fernando
3299,Valle de San Fernando
3300,Valle de San Fernando
3301,Valle de San Fernando
3302,Valle de San Fernando
3303,Valle de San Fernando
3304,Valle de San Fernando
3305,Valle de San Fernando
3306,Valle de San Fernando
3307,Valle de San Fernando
3308,Valle de San Fernando
3309,Valle de San Fernando
3310,Valle de San Fernando
3311,Valle de San Fernando
3312,Valle de San Fernando
3313,Valle de San Fernando
3314,Valle de San Fernando
3315,Valle de San Fernando
3316,Valle de San Fernando
3317,Valle de San Fernando
3318,Valle de San Fernando
3319,Valle de San Fernando
3320,Valle de San Fernando
3321,Valle de San Fernando
3322,Valle de San Fernando
3323,Valle de San Fernando
3324,Valle de San Fernando
3325,Valle de San Fernando
3326,Valle de San Fernando
3327,Valle de San Fernando
3328,Valle de San Fernando
3329,Valle de San Fernando
3330,Valle de San Fernando
3331,Valle de San Fernando
3332,Valle de San Fernando
3333,Valle de San Fernando
3334,Valle de San Fernando
3335,Valle de San Fernando
3336,Valle de San Fernando
3337,Valle de San Fernando
3338,Valle de San Fernando
3339,Valle de San Fernando
3340,Valle de San Fernando
3341,Valle de San Fernando
3342,Valle de San Fernando
3343,Valle de San Fernando
3344,Valle de San Fernando
3345,Valle de San Fernando
3346,Valle de San Fernando
3347,Valle de San Fernando
3348,Valle de San Fernando
3349,Valle de San Fernando
3350,Valle de San Fernando
3351,Valle de San Fernando
3352,Valle de San Fernando
3353,Valle de San Fernando
3354,Valle de San Fernando
3355,Valle de San Fernando
3356,Valle de San Fernando
3357,Valle de San Fernando
3358,Valle de San Fernando
3359,Valle de San Fernando
3360,Valle de San Fernando
3361,Valle de San Fernando
3362,Valle de San Fernando
3363,Valle de San Fernando
3364,Valle de San Fernando
3365,Valle de San Fernando
3366,Valle de San Fernando
3367,Valle de San Fernando
3368,Valle de San Fernando
3369,Valle de San Fernando
3370,Valle de San Fernando
3371,Valle de San Fernando
3372,Valle de San Fernando
3373,Valle de San Fernando
3374,Valle de San Fernando
3375,Valle de San Fernando
3376,Valle de San Fernando
3377,Valle de San Fernando
3378,Valle de San Fernando
3379,Valle de San Fernando
3380,Valle de San Fernando
3381,Valle de San Fernando
3382,Valle de San Fernando
3383,Valle de San Fernando
3384,Valle de San Fernando
3385,Valle de San Fernando
3386,Valle de San Fernando
3387,Valle de San Fernando
3388,Valle de San Fernando
3389,Valle de San Fernando
3390,Valle de San Fernando
3391,Valle de San Fernando
3392,Valle de San Fernando
3393,Valle de San Fernando
3394,Valle de San Fernando
3395,Valle de San Fernando
3396,Valle de San Fernando
3397,Fronteriza
3398,Fronteriza
3399,Valle de San Fernando
3400,Valle de San Fernando
3401,Valle de San Fernando
3402,Valle de San Fernando
3403,Valle de San Fernando
3404,Valle de San Fernando
3405,Valle de San Fernando
3406,Valle de San Fernando
3407,Valle de San Fernando
3408,Valle de San Fernando
3409,Valle de San Fernando
3410,Valle de San Fernando
3411,Valle de San Fernando
3412,Valle de San Fernando
3413,Valle de San Fernando
3414,Valle de San Fernando
3415,Valle de San Fernando
3416,Valle de San Fernando
3417,Valle de San Fernando
3418,Valle de San Fernando
3419,Fronteriza
3420,Fronteriza
3421,Fronteriza
3422,Fronteriza
3423,Fronteriza
3424,Valle de San Fernando
3425,Valle de San Fernando
3426,Valle de San Fernando
3427,Valle de San Fernando
3428,Valle de San Fernando
3429,Valle de San Fernando
3430,Valle de San Fernando
3431,Valle de San Fernando
3432,Valle de San Fernando
3433,Valle de San Fernando
3434,Valle de San Fernando
3435,Valle de San Fernando
3436,Valle de San Fernando
3437,Valle de San Fernando
3438,Valle de San Fernando
3439,Valle de San Fernando
3440,Valle de San Fernando
3441,Valle de San Fernando
3442,Fronteriza
3443,Fronteriza
3444,Fronteriza
3445,Fronteriza
3446,Fronteriza
3447,Fronteriza
3448,Fronteriza
3449,Fronteriza
3450,Fronteriza
3451,Fronteriza
3452,Fronteriza
3453,Valle de San Fernando
3454,Valle de San Fernando
3455,Valle de San Fernando
3456,Valle de San Fernando
3457,Valle de San Fernando
3458,Valle de San Fernando
3459,Valle de San Fernando
3460,Valle de San Fernando
3461,Valle de San Fernando
3462,Valle de San Fernando
3463,Valle de San Fernando
3464,Valle de San Fernando
3465,Valle de San Fernando
3466,Fronteriza
3467,Fronteriza
3468,Fronteriza
3469,Fronteriza
3470,Fronteriza
3471,Fronteriza
3472,Fronteriza
3473,Fronteriza
3474,Fronteriza
3475,Fronteriza
3476,Fronteriza
3477,Fronteriza
3478,Fronteriza
3479,Fronteriza
3480,Fronteriza
3481,Valle de San Fernando
3482,Valle de San Fernando
3483,Valle de San Fernando
3484,Valle de San Fernando
3485,Valle de San Fernando
3486,Fronteriza
3487,Fronteriza
3488,Fronteriza
3489,Fronteriza
3490,Fronteriza
3491,Fronteriza
3492,Fronteriza
3493,Fronteriza
3494,Fronteriza
3495,Fronteriza
3496,Fronteriza
3497,Fronteriza
3498,Fronteriza
3499,Fronteriza
3500,Fronteriza
3501,Fronteriza
3502,Fronteriza
3503,Fronteriza
3504,Fronteriza
3505,Fronteriza
3506,Fronteriza
3507,Fronteriza
3508,Fronteriza
3509,Fronteriza
3510,Fronteriza
3511,Fronteriza
3512,Valle de San Fernando
3513,Valle de San Fernando
3514,Fronteriza
3515,Fronteriza
3516,Valle de San Fernando
3517,Fronteriza
3518,Fronteriza
3519,Fronteriza
3520,Fronteriza
3521,Fronteriza
3522,Fronteriza
3523,Fronteriza
3524,Fronteriza
3525,Fronteriza
3526,Fronteriza
3527,Fronteriza
3528,Fronteriza
3529,Fronteriza
3530,Fronteriza
3531,Fronteriza
3532,Fronteriza
3533,Fronteriza
3534,Fronteriza
3535,Fronteriza
3536,Fronteriza
3537,Fronteriza
3538,Fronteriza
3539,Fronteriza
3540,Fronteriza
3541,Fronteriza
3542,Fronteriza
3543,Fronteriza
3544,Fronteriza
3545,Fronteriza
3546,Fronteriza
3547,Fronteriza
3548,Fronteriza
3549,Fronteriza
3550,Fronteriza
3551,Fronteriza
3552,Fronteriza
3553,Fronteriza
3554,Fronteriza
3555,Fronteriza
3556,Fronteriza
3557,Fronteriza
3558,Fronteriza
3559,Fronteriza
3560,Fronteriza
3561,Fronteriza
3562,Fronteriza
3563,Fronteriza
3564,Fronteriza
3565,Fronteriza
3566,Fronteriza
3567,Fronteriza
3568,Fronteriza
3569,Fronteriza
3570,Fronteriza
3571,Fronteriza
3572,Fronteriza
3573,Fronteriza
3574,Fronteriza
3575,Fronteriza
3576,Fronteriza
3577,Fronteriza
3578,Fronteriza
3579,Fronteriza
3580,Fronteriza
3581,Fronteriza
3582,Fronteriza
3583,Fronteriza
3584,Fronteriza
3585,Fronteriza
3586,Fronteriza
3587,Fronteriza
3588,Fronteriza
3589,Fronteriza
3590,Fronteriza
3591,Fronteriza
3592,Fronteriza
3593,Fronteriza
3594,Fronteriza
3595,Fronteriza
3596,Fronteriza
3597,Fronteriza
3598,Fronteriza
3599,Fronteriza
3600,Fronteriza
3601,Fronteriza
3602,Fronteriza
3603,Fronteriza
3604,Fronteriza
3605,Fronteriza
3606,Fronteriza
3607,Fronteriza
3608,Fronteriza
3609,Fronteriza
3610,Fronteriza
3611,Fronteriza
3612,Fronteriza
3613,Fronteriza
3614,Fronteriza
3615,Fronteriza
3616,Fronteriza
3617,Fronteriza
3618,Fronteriza
3619,Fronteriza
3620,Fronteriza
3621,Fronteriza
3622,Fronteriza
3623,Fronteriza
3624,Fronteriza
3625,Fronteriza
3626,Fronteriza
3627,Fronteriza
3628,Fronteriza
3629,Fronteriza
3630,Fronteriza
3631,Fronteriza
3632,Fronteriza
3633,Fronteriza
3634,Fronteriza
3635,Fronteriza
3636,Fronteriza
3637,Fronteriza
3638,Fronteriza
3639,Fronteriza
3640,Fronteriza
3641,Fronteriza
3642,Fronteriza
3643,Fronteriza
3644,Fronteriza
3645,Fronteriza
3646,Fronteriza
3647,Fronteriza
3648,Fronteriza
3649,Fronteriza
3650,Fronteriza
3651,Fronteriza
3652,Fronteriza
3653,Fronteriza
3654,Fronteriza
3655,Fronteriza
3656,Fronteriza
3657,Fronteriza
3658,Fronteriza
3659,Fronteriza
3660,Fronteriza
3661,Fronteriza
3662,Fronteriza
3663,Fronteriza
3664,Fronteriza
3665,Fronteriza
3666,Fronteriza
3667,Fronteriza
3668,Fronteriza
3669,Fronteriza
3670,Fronteriza
3671,Fronteriza
3672,Fronteriza
3673,Fronteriza
3674,Fronteriza
3675,Fronteriza
3676,Fronteriza
3677,Fronteriza
3678,Fronteriza
3679,Fronteriza
3680,Fronteriza
3681,Fronteriza
3682,Fronteriza
3683,Fronteriza
3684,Fronteriza
3685,Fronteriza
3686,Fronteriza
3687,Fronteriza
3688,Fronteriza
3689,Fronteriza
3690,Fronteriza
3691,Fronteriza
3692,Fronteriza
3693,Fronteriza
3694,Fronteriza
3695,Fronteriza
3696,Fronteriza
3697,Fronteriza
3698,Fronteriza
3699,Fronteriza
3700,Fronteriza
3701,Fronteriza
3702,Fronteriza
3703,Fronteriza
3704,Fronteriza
3705,Fronteriza
3706,Fronteriza
3707,Fronteriza
3708,Fronteriza
3709,Fronteriza
3710,Fronteriza
3711,Fronteriza
3712,Fronteriza
3713,Fronteriza
3714,Fronteriza
3715,Fronteriza
3716,Fronteriza
3717,Fronteriza
3718,Fronteriza
3719,Fronteriza
3720,Fronteriza
3721,Fronteriza
3722,Fronteriza
3723,Fronteriza
3724,Fronteriza
3725,Fronteriza
3726,Fronteriza
3727,Fronteriza
3728,Fronteriza
3729,Fronteriza
3730,Fronteriza
3731,Fronteriza
3732,Fronteriza
3733,Fronteriza
3734,Fronteriza
3735,Fronteriza
3736,Fronteriza
3737,Fronteriza
3738,Fronteriza
3739,Fronteriza
3740,Fronteriza
3741,Fronteriza
3742,Fronteriza
3743,Fronteriza
3744,Fronteriza
3745,Fronteriza
3746,Fronteriza
3747,Fronteriza
3748,Fronteriza
3749,Fronteriza
3750,Fronteriza
3751,Fronteriza
3752,Fronteriza
3753,Fronteriza
3754,Fronteriza
3755,Fronteriza
3756,Fronteriza
3757,Fronteriza
3758,Fronteriza
3759,Fronteriza
3760,Fronteriza
3761,Fronteriza
3762,Fronteriza
3763,Fronteriza
3764,Fronteriza
3765,Fronteriza
3766,Fronteriza
3767,Fronteriza
3768,Fronteriza
3769,Fronteriza
3770,Fronteriza
3771,Fronteriza
3772,Fronteriza
3773,Fronteriza
3774,Fronteriza
3775,Fronteriza
3776,Fronteriza
3777,Fronteriza
3778,Fronteriza
3779,Fronteriza
3780,Fronteriza
3781,Fronteriza
3782,Fronteriza
3783,Fronteriza
3784,Fronteriza
3785,Fronteriza
3786,Fronteriza
3787,Fronteriza
3788,Fronteriza
3789,Fronteriza
3790,Fronteriza
3791,Fronteriza
3792,Fronteriza
3793,Fronteriza
3794,Fronteriza
3795,Fronteriza
3796,Fronteriza
3797,Fronteriza
3798,Fronteriza
3799,Fronteriza
3800,Fronteriza
3801,Fronteriza
3802,Fronteriza
3803,Fronteriza
3804,Fronteriza
3805,Fronteriza
3806,Fronteriza
3807,Fronteriza
3808,Fronteriza
3809,Fronteriza
3810,Fronteriza
3811,Fronteriza
3812,Fronteriza
3813,Fronteriza
3814,Fronteriza
3815,Fronteriza
3816,Fronteriza
3817,Fronteriza
3818,Fronteriza
3819,Fronteriza
3820,Fronteriza
3821,Fronteriza
3822,Fronteriza
3823,Fronteriza
3824,Fronteriza
3825,Fronteriza
3826,Fronteriza
3827,Fronteriza
3828,Fronteriza
3829,Fronteriza
3830,Fronteriza
3831,Fronteriza
3832,Fronteriza
3833,Fronteriza
3834,Fronteriza
3835,Fronteriza
3836,Fronteriza
3837,Fronteriza
3838,Fronteriza
3839,Fronteriza
3840,Fronteriza
3841,Fronteriza
3842,Fronteriza
3843,Fronteriza
3844,Fronteriza
3845,Fronteriza
3846,Fronteriza
3847,Fronteriza
3848,Fronteriza
3849,Fronteriza
3850,Fronteriza
3851,Fronteriza
3852,Fronteriza
3853,Fronteriza
3854,Fronteriza
3855,Fronteriza
3856,Fronteriza
3857,Fronteriza
3858,Fronteriza
3859,Fronteriza
3860,Fronteriza
3861,Fronteriza
3862,Fronteriza
3863,Fronteriza
3864,Fronteriza
3865,Fronteriza
3866,Fronteriza
3867,Fronteriza
3868,Fronteriza
3869,Fronteriza
3870,Fronteriza
3871,Fronteriza
3872,Fronteriza
3873,Fronteriza
3874,Fronteriza
3875,Fronteriza
3876,Fronteriza
3877,Fronteriza
3878,Fronteriza
3879,Fronteriza
3880,Fronteriza
3881,Fronteriza
3882,Fronteriza
3883,Fronteriza
3884,Fronteriza
3885,Fronteriza
3886,Fronteriza
3887,Fronteriza
3888,Fronteriza
3889,Fronteriza
3890,Fronteriza
3891,Fronteriza
3892,Fronteriza
3893,Fronteriza
3894,Fronteriza
3895,Fronteriza
3896,Fronteriza
3897,Fronteriza
3898,Fronteriza
3899,Fronteriza
3900,Fronteriza
3901,Fronteriza
3902,Fronteriza
3903,Fronteriza
3904,Fronteriza
3905,Fronteriza
3906,Fronteriza
3907,Fronteriza
3908,Fronteriza
3909,Fronteriza
3910,Fronteriza
3911,Fronteriza
3912,Fronteriza
3913,Fronteriza
3914,Fronteriza
3915,Fronteriza
3916,Fronteriza
3917,Fronteriza
3918,Fronteriza
3919,Fronteriza
3920,Fronteriza
3921,Fronteriza
3922,Fronteriza
3923,Fronteriza
3924,Fronteriza
3925,Fronteriza
3926,Fronteriza
3927,Fronteriza
3928,Fronteriza
3929,Fronteriza
3930,Fronteriza
3931,Fronteriza
3932,Fronteriza
3933,Fronteriza
3934,Fronteriza
3935,Fronteriza
3936,Fronteriza
3937,Fronteriza
3938,Fronteriza
3939,Fronteriza
3940,Fronteriza
3941,Fronteriza
3942,Fronteriza
3943,Fronteriza
3944,Fronteriza
3945,Fronteriza
3946,Fronteriza
3947,Fronteriza
3948,Fronteriza
3949,Fronteriza
3950,Fronteriza
3951,Fronteriza
3952,Fronteriza
3953,Fronteriza
3954,Fronteriza
3955,Fronteriza
3956,Fronteriza
3957,Fronteriza
3958,Fronteriza
3959,Fronteriza
3960,Fronteriza
3961,Fronteriza
3962,Fronteriza
3963,Fronteriza
3964,Fronteriza
3965,Fronteriza
3966,Fronteriza
3967,Fronteriza
3968,Fronteriza
3969,Fronteriza
3970,Fronteriza
3971,Fronteriza
3972,Fronteriza
3973,Fronteriza
3974,Fronteriza
3975,Fronteriza
3976,Fronteriza
3977,Fronteriza
3978,Fronteriza
3979,Fronteriza
3980,Fronteriza
3981,Fronteriza
3982,Fronteriza
3983,Fronteriza
3984,Fronteriza
3985,Fronteriza
3986,Fronteriza
3987,Fronteriza
3988,Fronteriza
3989,Fronteriza
3990,Fronteriza
3991,Fronteriza
3992,Fronteriza
3993,Fronteriza
3994,Fronteriza
3995,Fronteriza
3996,Fronteriza
3997,Fronteriza
3998,Fronteriza
3999,Fronteriza
4000,Fronteriza
4001,Fronteriza
4002,Fronteriza
4003,Fronteriza
4004,Fronteriza
4005,Fronteriza
4006,Fronteriza
4007,Fronteriza
4008,Fronteriza
4009,Fronteriza
4010,Fronteriza
4011,Fronteriza
4012,Fronteriza
4013,Fronteriza
4014,Fronteriza
4015,Fronteriza
4016,Fronteriza
4017,Fronteriza
4018,Fronteriza
4019,Fronteriza
4020,Fronteriza
4021,Fronteriza
4022,Fronteriza
4023,Fronteriza
4024,Fronteriza
4025,Fronteriza
4026,Fronteriza
4027,Fronteriza
4028,Fronteriza
4029,Fronteriza
4030,Fronteriza
4031,Fronteriza
4032,Fronteriza
4033,Fronteriza
4034,Fronteriza
4035,Fronteriza
4036,Fronteriza
4037,Fronteriza
4038,Fronteriza
4039,Fronteriza
4040,Fronteriza
4041,Fronteriza
4042,Fronteriza
4043,Fronteriza
4044,Fronteriza
4045,Fronteriza
4046,Fronteriza
4047,Fronteriza
4048,Fronteriza
4049,Fronteriza
4050,Fronteriza
4051,Fronteriza
4052,Fronteriza
4053,Fronteriza
4054,Fronteriza
4055,Fronteriza
4056,Fronteriza
4057,Fronteriza
4058,Fronteriza
4059,Fronteriza
4060,Fronteriza
4061,Fronteriza
4062,Fronteriza
4063,Fronteriza
4064,Fronteriza
4065,Fronteriza
4066,Fronteriza
4067,Fronteriza
4068,Fronteriza
4069,Fronteriza
4070,Fronteriza
4071,Fronteriza
4072,Fronteriza
4073,Fronteriza
4074,Fronteriza
4075,Fronteriza
4076,Fronteriza
4077,Fronteriza
4078,Fronteriza
4079,Fronteriza
4080,Fronteriza
4081,Fronteriza
4082,Fronteriza
4083,Fronteriza
4084,Fronteriza
4085,Fronteriza
4086,Fronteriza
4087,Fronteriza
4088,Fronteriza
4089,Fronteriza
4090,Fronteriza
4091,Fronteriza
4092,Fronteriza
4093,Fronteriza
4094,Fronteriza
4095,Fronteriza
4096,Fronteriza
4097,Fronteriza
4098,Fronteriza
4099,Fronteriza
4100,Fronteriza
4101,Fronteriza
4102,Fronteriza
4103,Fronteriza
4104,Fronteriza
4105,Fronteriza
4106,Fronteriza
4107,Fronteriza
4108,Fronteriza
4109,Fronteriza
4110,Fronteriza
4111,Fronteriza
4112,Fronteriza
4113,Fronteriza
4114,Fronteriza
4115,Fronteriza
4116,Fronteriza
4117,Fronteriza
4118,Fronteriza
4119,Fronteriza
4120,Fronteriza
4121,Fronteriza
4122,Fronteriza
4123,Fronteriza
4124,Fronteriza
4125,Fronteriza
4126,Fronteriza
4127,Fronteriza
4128,Fronteriza
4129,Fronteriza
4130,Fronteriza
4131,Fronteriza
4132,Fronteriza
4133,Fronteriza
4134,Fronteriza
4135,Fronteriza
4136,Fronteriza
4137,Fronteriza
4138,Fronteriza
4139,Fronteriza
4140,Fronteriza
4141,Fronteriza
4142,Fronteriza
4143,Fronteriza
4144,Fronteriza
4145,Fronteriza
4146,Fronteriza
4147,Fronteriza
4148,Fronteriza
4149,Fronteriza
4150,Fronteriza
4151,Fronteriza
4152,Fronteriza
4153,Fronteriza
4154,Fronteriza
4155,Fronteriza
4156,Fronteriza
4157,Fronteriza
4158,Fronteriza
4159,Fronteriza
4160,Fronteriza
4161,Fronteriza
4162,Fronteriza
4163,Fronteriza
4164,Fronteriza
4165,Fronteriza
4166,Fronteriza
4167,Fronteriza
4168,Fronteriza
4169,Fronteriza
4170,Fronteriza
4171,Fronteriza
4172,Fronteriza
4173,Fronteriza
4174,Fronteriza
4175,Fronteriza
4176,Fronteriza
4177,Fronteriza
4178,Fronteriza
4179,Fronteriza
4180,Fronteriza
4181,Fronteriza
4182,Fronteriza
4183,Fronteriza
4184,Fronteriza
4185,Fronteriza
4186,Fronteriza
4187,Fronteriza
4188,Fronteriza
4189,Fronteriza
4190,Fronteriza
4191,Fronteriza
4192,Fronteriza
4193,Fronteriza
4194,Fronteriza
4195,Fronteriza
4196,Fronteriza
4197,Fronteriza
4198,Fronteriza
4199,Fronteriza
4200,Fronteriza
4201,Fronteriza
4202,Fronteriza
4203,Fronteriza
4204,Fronteriza
4205,Fronteriza
4206,Fronteriza
4207,Fronteriza
4208,Fronteriza
4209,Fronteriza
4210,Fronteriza
4211,Fronteriza
4212,Fronteriza
4213,Fronteriza
4214,Fronteriza
4215,Fronteriza
4216,Fronteriza
4217,Fronteriza
4218,Fronteriza
4219,Fronteriza
4220,Fronteriza
4221,Fronteriza
4222,Fronteriza
4223,Fronteriza
4224,Fronteriza
4225,Fronteriza
4226,Fronteriza
4227,Fronteriza
4228,Fronteriza
4229,Fronteriza
4230,Fronteriza
4231,Fronteriza
4232,Fronteriza
4233,Fronteriza
4234,Fronteriza
4235,Fronteriza
4236,Fronteriza
4237,Fronteriza
4238,Fronteriza
4239,Fronteriza
4240,Fronteriza
4241,Fronteriza
4242,Fronteriza
4243,Fronteriza
4244,Fronteriza
4245,Fronteriza
4246,Fronteriza
4247,Fronteriza
4248,Fronteriza
4249,Fronteriza
4250,Fronteriza
4251,Fronteriza
4252,Fronteriza
4253,Fronteriza
4254,Fronteriza
4255,Fronteriza
4256,Fronteriza
4257,Fronteriza
4258,Fronteriza
4259,Fronteriza
4260,Fronteriza
4261,Fronteriza
4262,Fronteriza
4263,Fronteriza
4264,Fronteriza
4265,Fronteriza
4266,Fronteriza
4267,Fronteriza
4268,Fronteriza
4269,Fronteriza
4270,Fronteriza
4271,Fronteriza
4272,Fronteriza
4273,Fronteriza
4274,Fronteriza
4275,Fronteriza
4276,Fronteriza
4277,Fronteriza
4278,Fronteriza
4279,Fronteriza
4280,Fronteriza
4281,Fronteriza
4282,Fronteriza
4283,Fronteriza
4284,Fronteriza
4285,Fronteriza
4286,Fronteriza
4287,Fronteriza
4288,Fronteriza
4289,Fronteriza
4290,Fronteriza
4291,Fronteriza
4292,Fronteriza
4293,Fronteriza
4294,Fronteriza
4295,Fronteriza
4296,Fronteriza
4297,Fronteriza
4298,Fronteriza
4299,Fronteriza
4300,Fronteriza
4301,Fronteriza
4302,Fronteriza
4303,Fronteriza
4304,Fronteriza
4305,Fronteriza
4306,Fronteriza
4307,Fronteriza
4308,Fronteriza
4309,Fronteriza
4310,Fronteriza
4311,Fronteriza
4312,Fronteriza
4313,Fronteriza
4314,Fronteriza
4315,Fronteriza
4316,Fronteriza
4317,Fronteriza
4318,Fronteriza
4319,Fronteriza
4320,Fronteriza
4321,Fronteriza
4322,Fronteriza
4323,Fronteriza
4324,Fronteriza
4325,Fronteriza
4326,Fronteriza
4327,Fronteriza
4328,Fronteriza
4329,Fronteriza
4330,Fronteriza
4331,Fronteriza
4332,Fronteriza
4333,Fronteriza
4334,Fronteriza
4335,Fronteriza
4336,Fronteriza
4337,Fronteriza
4338,Fronteriza
4339,Fronteriza
4340,Fronteriza
4341,Fronteriza
4342,Fronteriza
4343,Fronteriza
4344,Fronteriza
4345,Fronteriza
4346,Fronteriza
4347,Fronteriza
4348,Fronteriza
4349,Fronteriza
4350,Fronteriza
4351,Fronteriza
4352,Fronteriza
4353,Fronteriza
4354,Fronteriza
4355,Fronteriza
4356,Fronteriza
4357,Fronteriza
4358,Fronteriza
4359,Fronteriza
4360,Fronteriza
4361,Fronteriza
4362,Fronteriza
4363,Fronteriza
4364,Fronteriza
4365,Fronteriza
4366,Fronteriza
4367,Fronteriza
4368,Fronteriza
4369,Fronteriza
4370,Fronteriza
4371,Fronteriza
4372,Fronteriza
4373,Fronteriza
4374,Fronteriza
4375,Fronteriza
4376,Fronteriza
4377,Fronteriza
4378,Fronteriza
4379,Fronteriza
4380,Fronteriza
4381,Fronteriza
4382,Fronteriza
4383,Fronteriza
